TransactionAmount,AgeGroup,CustomerOccupation,TransactionDuration,AccountBalance,Cluster
14.09,61-80,Doctor,81,5112.21,2
376.24,61-80,Doctor,141,13758.91,0
126.29,18-40,Student,56,1122.35,1
184.5,18-40,Student,25,8569.06,1
13.45,18-40,Student,198,7429.4,1
92.15,18-40,Student,172,781.68,1
7.08,18-40,Doctor,139,13316.71,0
171.42,61-80,Retired,291,2796.24,2
106.23,41-60,Engineer,86,9095.14,0
815.96,41-60,Doctor,120,1021.88,2
17.78,41-60,Engineer,59,7599.52,0
190.02,18-40,Student,173,1528.81,1
494.52,18-40,Student,111,1620.02,1
781.76,18-40,Student,123,189.69,1
166.99,18-40,Student,134,299.93,1
465.45,18-40,Engineer,129,3465.54,1
555.8,18-40,Student,158,1131.26,1
492.93,18-40,Engineer,234,5109.97,0
18.68,41-60,Retired,106,7948.37,2
71.48,18-40,Student,169,6568.59,1
59.32,61-80,Retired,38,5750.89,2
85.77,18-40,Doctor,93,9146.19,0
52.2,18-40,Engineer,120,8974.93,0
345.84,18-40,Student,142,1402.5,1
145.54,18-40,Student,96,1930.96,1
7.49,61-80,Retired,276,3634.67,2
246.93,18-40,Student,158,673.35,1
40.32,18-40,Engineer,95,2686.52,1
127.45,41-60,Doctor,197,1772.06,2
56.17,18-40,Student,283,1351.69,1
28.31,41-60,Doctor,20,8334.47,0
59.12,18-40,Doctor,257,9823.64,0
396.45,41-60,Engineer,168,9690.15,0
877.81,18-40,Student,150,399.0,1
255.26,41-60,Doctor,50,14815.87,0
124.76,41-60,Engineer,45,5764.72,2
78.13,18-40,Student,145,900.61,1
649.28,61-80,Retired,137,4875.86,2
795.31,61-80,Doctor,90,7914.88,0
335.63,41-60,Retired,216,1019.39,2
328.47,61-80,Retired,119,4323.66,2
34.02,18-40,Doctor,19,14214.48,0
241.42,41-60,Doctor,116,13357.02,0
55.32,18-40,Student,117,241.79,1
304.31,18-40,Student,33,868.61,1
435.27,61-80,Retired,90,4673.28,2
164.49,18-40,Student,75,1509.27,1
510.24,18-40,Student,105,781.7,1
626.9,18-40,Student,138,265.51,1
22.01,41-60,Engineer,175,1335.09,2
425.34,61-80,Retired,121,3907.54,2
424.56,41-60,Engineer,264,5183.85,2
85.43,61-80,Doctor,145,14904.9,0
169.5,18-40,Student,142,918.88,1
104.63,61-80,Retired,90,4477.78,2
316.95,18-40,Student,83,1324.03,1
60.54,41-60,Retired,52,3534.93,2
292.56,61-80,Retired,61,4638.37,2
386.52,41-60,Engineer,28,5630.61,2
112.07,18-40,Student,51,930.3,1
568.52,41-60,Engineer,152,5499.91,2
263.99,61-80,Retired,227,4175.02,2
349.64,41-60,Engineer,226,6651.62,0
601.4,41-60,Engineer,104,8458.29,0
5.77,41-60,Doctor,124,13988.12,0
201.33,41-60,Engineer,186,2585.07,2
298.42,41-60,Retired,225,3014.75,2
521.06,18-40,Student,128,1951.42,1
117.28,61-80,Engineer,16,3665.77,2
189.12,18-40,Engineer,103,977.01,1
133.55,41-60,Engineer,220,3846.28,2
143.21,18-40,Engineer,135,6374.82,0
24.77,61-80,Retired,55,5866.01,2
233.92,18-40,Student,280,6537.62,1
1212.51,18-40,Student,24,605.95,1
232.12,18-40,Engineer,51,6689.87,0
162.63,18-40,Student,113,634.17,1
91.53,41-60,Doctor,69,14676.05,0
120.29,18-40,Student,77,1362.39,1
174.25,41-60,Doctor,67,10528.34,0
183.71,18-40,Engineer,102,552.52,1
345.39,41-60,Engineer,80,6451.96,0
922.55,61-80,Retired,87,4715.84,2
259.91,41-60,Doctor,170,7176.86,0
154.71,18-40,Doctor,157,1523.72,0
1340.19,41-60,Engineer,30,8654.28,0
24.56,61-80,Doctor,69,9869.93,0
568.07,41-60,Doctor,115,10556.81,0
9.61,41-60,Doctor,179,12883.91,0
392.96,18-40,Student,100,791.65,1
716.93,61-80,Retired,34,4064.02,2
223.85,41-60,Engineer,55,2929.91,2
230.66,18-40,Student,135,618.05,1
442.12,18-40,Student,260,1375.8,1
644.17,18-40,Engineer,72,1143.52,1
508.68,41-60,Engineer,127,7708.41,0
858.63,18-40,Student,185,1872.96,1
25.36,41-60,Engineer,78,201.04,2
147.62,61-80,Retired,133,2115.8,2
115.02,18-40,Doctor,175,7643.66,0
383.37,18-40,Engineer,24,8901.93,0
98.54,18-40,Student,167,9383.43,1
83.24,41-60,Doctor,164,1181.31,2
196.16,18-40,Engineer,146,9418.86,0
129.94,18-40,Engineer,235,7954.92,0
306.9,41-60,Engineer,51,9418.08,0
114.98,41-60,Retired,80,6144.68,2
756.59,18-40,Student,17,420.65,1
503.76,18-40,Student,35,447.82,1
143.03,61-80,Retired,147,7981.45,2
1045.22,41-60,Retired,73,1829.9,2
245.54,18-40,Student,180,985.06,1
254.37,41-60,Engineer,174,8849.26,0
213.76,61-80,Retired,282,3528.72,2
327.86,41-60,Engineer,104,480.16,2
2.5,41-60,Doctor,107,12145.27,0
300.08,61-80,Doctor,47,13546.75,0
56.98,41-60,Engineer,122,5688.37,2
407.65,18-40,Engineer,62,8346.64,0
115.83,18-40,Engineer,167,6481.04,0
53.57,61-80,Retired,121,1651.33,2
63.34,41-60,Doctor,165,11174.94,0
317.87,18-40,Student,91,145.5,1
331.65,41-60,Engineer,61,4172.57,2
5.04,41-60,Retired,41,5558.36,2
214.54,61-80,Doctor,247,11151.53,0
598.81,41-60,Doctor,158,1415.52,2
841.28,18-40,Student,80,1103.64,1
38.15,18-40,Student,108,303.68,1
1036.66,41-60,Doctor,144,5541.57,0
124.72,18-40,Engineer,105,6309.8,0
302.45,61-80,Retired,40,5133.61,2
208.04,41-60,Engineer,273,9344.98,0
5.77,18-40,Student,254,1117.97,1
381.33,41-60,Doctor,75,11835.35,0
16.16,41-60,Doctor,124,14401.17,0
486.08,18-40,Student,68,1748.69,1
336.39,18-40,Student,18,1000.46,1
997.43,61-80,Doctor,118,6810.05,2
234.57,18-40,Student,120,263.98,1
6.0,18-40,Doctor,246,5442.76,0
1049.92,,Retired,21,2037.85,2
227.14,18-40,Student,294,341.94,1
233.74,61-80,Retired,17,1066.59,2
113.02,61-80,Retired,166,6077.96,2
45.85,18-40,Student,92,1659.15,1
973.39,61-80,Retired,296,2042.22,2
514.95,41-60,Doctor,142,421.93,2
415.5,61-80,Doctor,141,10113.66,0
265.76,41-60,Retired,92,4446.17,2
69.4,,Retired,113,6452.77,2
332.93,18-40,Engineer,293,2788.2,1
267.9,18-40,Student,160,596.16,1
496.03,61-80,Doctor,265,12904.66,0
376.26,18-40,Engineer,245,9062.4,0
83.02,18-40,Engineer,171,9009.56,0
93.26,18-40,Student,72,1152.2,1
803.37,61-80,Doctor,129,12168.37,0
35.76,18-40,Student,122,611.86,1
28.53,61-80,Doctor,99,8670.53,0
139.53,41-60,Doctor,177,10098.86,0
307.57,18-40,Doctor,285,5307.74,0
60.65,41-60,Retired,53,1047.28,2
74.86,61-80,Doctor,125,6921.48,0
117.97,41-60,Retired,137,1475.46,2
231.91,18-40,Engineer,165,112.76,1
126.21,61-80,Retired,268,5669.66,2
506.28,41-60,Retired,162,1309.95,2
304.35,18-40,Engineer,36,4057.1,1
281.85,18-40,Student,109,1585.98,1
777.88,18-40,Engineer,17,6825.55,0
119.18,41-60,Retired,96,5516.5,2
177.19,61-80,Retired,43,5343.3,2
260.88,18-40,Student,36,903.05,1
169.47,18-40,Student,19,1806.16,1
73.23,18-40,Student,14,787.74,1
1362.55,18-40,Engineer,106,2429.68,1
792.57,18-40,Student,164,770.37,1
237.06,61-80,Retired,46,1182.77,2
34.17,41-60,Engineer,54,726.55,2
740.25,41-60,Doctor,123,14464.3,0
453.54,41-60,Doctor,82,12046.3,0
300.47,61-80,Retired,100,7885.64,2
110.93,18-40,Student,201,1952.35,1
201.69,41-60,Doctor,299,7328.52,0
399.21,41-60,Engineer,109,3210.39,2
1041.88,61-80,Retired,57,5726.2,2
630.36,61-80,Retired,52,1363.65,2
10.94,61-80,Engineer,245,1241.99,2
215.9,18-40,Doctor,235,7873.28,0
1422.55,61-80,Retired,165,5674.32,2
226.37,41-60,Doctor,141,9840.04,0
444.89,41-60,Doctor,101,10328.23,0
280.57,18-40,Student,24,293.24,1
488.54,41-60,Engineer,132,7486.63,0
3.3,41-60,Doctor,131,11385.37,0
199.39,61-80,Retired,165,7264.79,2
20.36,61-80,Retired,75,2762.48,2
113.64,61-80,Retired,32,6675.03,2
493.11,41-60,Retired,236,7432.99,2
307.41,18-40,Student,14,1057.0,1
11.18,41-60,Doctor,161,5956.89,0
313.82,41-60,Engineer,151,7261.59,0
51.0,61-80,Retired,107,4943.16,2
140.98,61-80,Engineer,100,8127.48,2
288.04,61-80,Retired,63,1748.02,2
800.55,18-40,Engineer,108,9660.22,0
485.54,41-60,Engineer,143,6371.51,0
521.15,41-60,Doctor,214,9442.47,0
321.79,61-80,Retired,61,5959.2,2
304.93,61-80,Doctor,158,13531.22,0
432.08,41-60,Doctor,145,11500.62,0
694.2,61-80,Retired,72,1389.37,2
116.86,41-60,Engineer,171,6706.56,0
386.81,41-60,Doctor,149,7175.29,0
74.88,18-40,Student,202,420.67,1
195.76,61-80,Retired,99,7323.53,2
134.7,41-60,Doctor,106,8395.85,0
890.24,18-40,Engineer,161,5140.93,0
361.27,61-80,Doctor,180,7945.57,0
131.56,41-60,Doctor,42,5873.54,0
485.51,61-80,Retired,37,3074.45,2
547.87,61-80,Retired,131,6155.76,2
457.3,18-40,Engineer,15,8318.29,0
506.24,41-60,Engineer,64,230.09,2
486.59,41-60,Retired,119,2513.56,2
163.68,41-60,Doctor,292,10090.05,0
581.65,18-40,Student,176,480.19,1
52.01,41-60,Doctor,85,1120.88,2
630.24,18-40,Student,62,370.81,1
523.74,41-60,Doctor,159,13498.55,0
705.6,41-60,Doctor,124,14804.7,0
217.5,41-60,Engineer,35,3057.4,2
91.48,41-60,Doctor,141,14942.78,0
5.25,18-40,Doctor,49,14143.32,0
54.03,41-60,Retired,161,6736.3,2
736.73,41-60,Engineer,10,3313.07,2
368.91,41-60,Doctor,14,829.71,2
33.06,41-60,Retired,170,1540.87,2
66.5,18-40,Engineer,144,6820.23,0
177.08,18-40,Doctor,85,13475.14,0
588.54,18-40,Engineer,130,714.45,1
173.5,18-40,Student,282,1306.91,1
78.33,41-60,Engineer,189,7255.33,0
40.66,41-60,Retired,156,1153.84,2
97.22,61-80,Retired,55,6647.73,2
34.07,18-40,Student,81,8709.77,1
492.06,18-40,Student,74,857.9,1
842.01,41-60,Doctor,185,509.45,2
73.55,41-60,Engineer,158,2812.06,2
760.53,41-60,Engineer,118,6179.91,2
273.08,18-40,Engineer,134,6609.3,0
371.69,61-80,Retired,143,3484.32,2
218.96,18-40,Student,13,754.21,1
227.39,18-40,Student,65,751.09,1
237.99,18-40,Doctor,86,8510.09,0
186.6,41-60,Doctor,13,1508.72,2
341.15,18-40,Student,148,511.37,1
434.58,41-60,Doctor,215,12648.32,0
312.88,41-60,Engineer,44,233.21,2
75.15,18-40,Student,154,1092.92,1
23.3,41-60,Engineer,161,6711.15,0
47.38,18-40,Student,61,459.37,1
512.81,61-80,Retired,30,6994.34,2
488.15,41-60,Engineer,168,7071.09,0
12.82,41-60,Engineer,156,9045.19,0
66.9,61-80,Retired,129,5238.71,2
535.91,41-60,Engineer,22,9642.12,0
270.72,18-40,Engineer,53,6263.96,0
97.98,61-80,Retired,18,7460.33,2
196.08,61-80,Retired,98,4233.82,2
251.18,41-60,Engineer,246,8303.9,0
44.52,18-40,Student,205,314.28,1
178.87,18-40,Doctor,180,5241.23,0
1176.28,41-60,Engineer,174,323.69,2
386.68,41-60,Doctor,128,6863.06,0
167.14,61-80,Retired,20,3877.73,2
345.22,61-80,Retired,253,4046.58,2
74.85,61-80,Retired,117,2409.73,2
671.73,41-60,Engineer,54,5211.88,2
255.04,41-60,Engineer,152,6217.86,0
45.77,18-40,Student,109,5978.12,1
329.69,18-40,Student,66,1671.66,1
362.04,41-60,Doctor,198,8421.88,0
11.92,41-60,Doctor,52,14611.9,0
47.42,61-80,Doctor,28,8253.52,0
35.99,61-80,Retired,129,4489.79,2
151.19,18-40,Doctor,96,11903.82,0
242.62,18-40,Student,234,483.02,1
48.72,18-40,Student,17,816.08,1
43.46,18-40,Student,80,578.06,1
1036.21,18-40,Student,126,477.3,1
443.79,41-60,Retired,87,3133.85,2
365.14,61-80,Retired,57,5894.09,2
757.41,18-40,Student,37,9532.42,1
20.54,41-60,Engineer,72,5327.03,2
475.36,18-40,Engineer,105,2000.6,1
34.74,41-60,Retired,24,6827.57,2
689.54,18-40,Student,93,1633.76,1
211.18,61-80,Retired,90,4069.17,2
211.36,41-60,Engineer,286,7943.47,0
744.41,18-40,Engineer,107,8842.47,0
61.43,18-40,Student,170,1882.77,1
167.44,18-40,Doctor,82,12526.71,0
361.46,18-40,Student,83,4737.84,1
378.85,61-80,Retired,126,2300.53,2
241.11,18-40,Doctor,55,12385.05,0
131.93,18-40,Engineer,13,4547.06,0
20.28,18-40,Engineer,213,2047.83,1
415.88,61-80,Doctor,170,10008.33,0
49.99,61-80,Retired,139,2299.64,2
1221.65,18-40,Student,153,243.92,1
100.66,41-60,Doctor,144,14473.33,0
485.54,18-40,Student,148,1533.32,1
321.15,41-60,Doctor,179,7005.05,0
711.3,18-40,Student,51,955.4,1
12.23,41-60,Engineer,139,7844.88,0
350.94,18-40,Student,64,221.56,1
301.85,41-60,Engineer,25,6586.19,0
29.34,61-80,Retired,30,3944.82,2
231.71,18-40,Student,148,1127.98,1
179.43,41-60,Retired,244,2626.63,2
36.71,41-60,Doctor,55,6459.38,0
138.12,41-60,Doctor,281,1649.69,2
233.24,18-40,Engineer,72,6939.23,0
609.14,18-40,Engineer,177,9033.87,0
436.64,18-40,Doctor,111,14365.18,0
870.43,18-40,Doctor,55,10115.18,0
354.4,61-80,Retired,128,7358.65,2
22.63,41-60,Engineer,112,4438.03,2
182.19,18-40,Student,53,1176.1,1
126.81,18-40,Engineer,290,5427.98,0
288.17,18-40,Engineer,50,3653.11,1
118.77,41-60,Engineer,123,2104.82,2
651.82,18-40,Student,166,1802.77,1
66.65,18-40,Engineer,33,3559.96,1
98.53,61-80,Retired,166,3564.8,2
138.95,61-80,Retired,30,6752.92,2
33.89,18-40,Student,177,1444.75,1
23.71,41-60,Doctor,164,10788.89,0
1830.0,41-60,Engineer,238,2235.7,2
26.06,61-80,Doctor,283,12893.63,0
17.07,18-40,Engineer,44,2798.15,1
703.89,41-60,Engineer,62,3583.67,2
1271.9,41-60,Engineer,155,2120.8,2
26.55,61-80,Retired,228,3085.38,2
147.4,41-60,Engineer,259,6797.71,0
202.11,18-40,Student,18,746.47,1
308.42,61-80,Retired,39,5427.81,2
11.18,41-60,Engineer,144,7467.3,0
294.15,18-40,Engineer,136,6362.16,0
29.58,41-60,Engineer,121,8345.26,0
139.45,18-40,Student,31,1305.76,1
432.63,18-40,Doctor,137,13648.36,0
131.43,41-60,Doctor,65,1337.5,2
516.72,41-60,Engineer,128,2015.69,2
121.82,61-80,Doctor,123,8354.54,0
374.5,18-40,Student,178,1671.51,1
166.13,61-80,Doctor,227,11822.53,0
626.9,18-40,Student,146,587.11,1
466.85,41-60,Retired,165,5422.53,2
788.84,41-60,Retired,231,1913.73,2
873.65,18-40,Doctor,59,12139.83,0
525.28,61-80,Retired,134,4693.6,2
110.17,18-40,Engineer,137,464.2,1
632.69,,Retired,76,4363.74,2
124.35,61-80,Retired,90,3319.76,2
43.85,61-80,Retired,122,4356.98,2
283.81,18-40,Student,29,1519.35,1
168.53,61-80,Retired,112,5962.58,2
218.59,41-60,Engineer,123,6699.23,0
132.84,18-40,Student,143,822.73,1
157.37,41-60,Doctor,289,13964.31,0
144.77,18-40,Student,159,867.32,1
643.22,61-80,Doctor,93,1035.86,2
1392.54,41-60,Doctor,297,13347.69,0
208.07,18-40,Doctor,36,8478.9,0
94.3,41-60,Doctor,57,11088.95,0
295.5,41-60,Retired,36,6280.66,2
30.23,41-60,Doctor,99,481.13,2
112.05,18-40,Student,159,1122.88,1
180.24,41-60,Engineer,144,8431.23,0
13.71,18-40,Engineer,148,8342.79,0
96.54,41-60,Retired,95,7182.22,2
79.35,61-80,Retired,70,1692.15,2
101.04,18-40,Student,160,1695.57,1
74.42,41-60,Engineer,68,6264.21,0
39.66,41-60,Engineer,169,8497.34,0
99.36,41-60,Doctor,46,1272.12,2
123.85,41-60,Engineer,244,3959.62,2
426.93,18-40,Student,248,476.19,1
133.73,18-40,Student,123,1872.22,1
222.39,41-60,Engineer,73,3117.39,2
215.94,18-40,Student,140,1841.69,1
6.3,,Retired,283,7697.68,2
826.23,18-40,Doctor,209,7580.59,0
416.37,18-40,Engineer,67,7936.91,0
131.46,61-80,Retired,258,6642.33,2
202.86,61-80,Doctor,149,7642.25,0
268.39,18-40,Student,171,136.74,1
194.85,18-40,Student,130,319.84,1
137.35,41-60,Doctor,220,12662.66,0
712.75,41-60,Doctor,25,8126.06,0
353.82,41-60,Doctor,143,705.75,2
507.25,61-80,Retired,143,5331.57,2
212.74,18-40,Engineer,128,7645.47,0
364.42,41-60,Engineer,146,8119.73,0
195.12,41-60,Doctor,144,6101.15,0
230.61,,Retired,204,2561.42,2
739.28,41-60,Doctor,47,11905.64,0
390.35,61-80,Doctor,61,7095.88,2
242.03,41-60,Engineer,124,4382.73,2
242.39,18-40,Student,271,1328.73,1
135.03,18-40,Student,180,1278.0,1
83.5,61-80,Retired,91,1749.79,2
193.54,,Retired,267,2929.51,2
617.36,18-40,Engineer,61,8926.38,0
775.23,41-60,Doctor,38,5977.59,0
266.57,61-80,Retired,100,7676.92,2
153.4,41-60,Engineer,144,4657.7,2
946.94,41-60,Retired,251,5579.11,2
5.12,18-40,Engineer,90,3293.01,1
119.11,41-60,Engineer,131,7998.25,0
1096.7,18-40,Student,147,1093.89,1
119.72,18-40,Engineer,123,3435.34,1
107.4,41-60,Doctor,32,344.07,2
115.92,41-60,Retired,57,3897.17,2
438.04,61-80,Retired,247,5358.95,2
677.29,18-40,Engineer,287,627.79,1
296.0,18-40,Doctor,248,7418.82,0
299.09,18-40,Engineer,84,5615.26,0
461.52,18-40,Student,44,1995.18,1
100.52,41-60,Engineer,110,453.39,2
85.35,61-80,Retired,166,2173.76,2
79.76,18-40,Engineer,170,6452.14,0
778.49,61-80,Retired,107,7713.67,2
386.38,41-60,Engineer,135,5528.36,2
165.25,18-40,Doctor,106,9939.94,0
14.29,18-40,Engineer,150,7016.99,0
232.79,41-60,Retired,145,2661.3,2
1237.56,61-80,Engineer,159,9410.17,2
92.29,41-60,Engineer,115,2026.32,2
293.97,61-80,Retired,153,7371.85,2
136.32,18-40,Student,113,264.83,1
251.06,18-40,Doctor,34,10001.66,0
50.17,61-80,Retired,35,7752.14,2
21.4,18-40,Engineer,258,9594.11,0
73.28,18-40,Student,21,1329.41,1
70.23,18-40,Doctor,260,11624.93,0
689.29,18-40,Student,100,168.84,1
745.03,18-40,Student,231,160.57,1
54.61,41-60,Engineer,160,7135.64,0
54.05,18-40,Student,146,469.14,1
107.47,61-80,Retired,144,7517.5,2
611.11,18-40,Student,282,919.84,1
219.63,41-60,Doctor,44,8013.63,0
188.7,41-60,Retired,123,5077.06,2
93.52,41-60,Engineer,97,2791.2,2
275.92,61-80,Retired,107,1777.38,2
376.79,61-80,Retired,265,7749.14,2
8.98,61-80,Retired,56,4516.76,2
697.32,61-80,Retired,91,2016.02,2
17.45,18-40,Student,88,1959.52,1
302.16,,Retired,138,3876.61,2
442.74,18-40,Student,136,1790.27,1
623.9,18-40,Student,249,711.47,1
445.41,18-40,Doctor,235,12154.66,0
63.41,18-40,Student,36,1546.22,1
346.85,41-60,Doctor,88,7208.15,0
71.95,41-60,Engineer,53,9267.32,0
7.5,61-80,Retired,36,6485.78,2
206.46,61-80,Retired,279,3984.38,2
423.11,61-80,Engineer,47,412.78,2
35.84,41-60,Retired,172,4795.65,2
88.6,18-40,Student,105,246.57,1
1431.3,18-40,Student,168,1058.13,1
53.81,41-60,Engineer,37,2564.62,2
22.46,41-60,Retired,78,6631.5,2
334.89,18-40,Student,260,1661.68,1
319.27,41-60,Retired,59,5504.01,2
144.3,18-40,Student,88,312.19,1
348.7,61-80,Retired,149,2445.58,2
366.21,61-80,Doctor,181,10862.99,0
99.11,41-60,Retired,12,5414.87,2
539.35,41-60,Retired,127,3919.44,2
188.99,41-60,Engineer,92,7315.34,0
1416.69,41-60,Engineer,58,3740.73,2
710.14,18-40,Student,227,465.63,1
308.68,41-60,Doctor,170,9992.36,0
166.68,41-60,Retired,139,5141.19,2
0.99,41-60,Engineer,133,4317.85,2
505.19,18-40,Doctor,128,5326.68,0
66.58,18-40,Student,79,1636.32,1
223.43,61-80,Retired,178,7932.41,2
659.95,61-80,Engineer,114,3927.69,2
634.86,18-40,Student,45,588.5,1
286.5,18-40,Engineer,60,8517.95,0
322.96,61-80,Retired,168,2401.59,2
654.48,18-40,Student,114,6776.41,1
157.97,41-60,Doctor,140,5529.92,0
120.9,41-60,Doctor,52,9009.42,0
254.77,41-60,Engineer,57,5994.87,2
795.96,61-80,Retired,119,5468.58,2
149.25,18-40,Engineer,142,5677.52,0
3.42,41-60,Doctor,158,14180.21,0
68.19,41-60,Doctor,189,9895.1,0
493.42,18-40,Engineer,111,2232.84,1
37.57,41-60,Retired,42,7739.54,2
127.0,18-40,Student,68,431.16,1
96.89,41-60,Retired,53,6044.93,2
448.33,18-40,Student,161,922.19,1
1116.48,41-60,Engineer,55,447.53,2
8.65,41-60,Doctor,273,10778.35,0
65.57,41-60,Engineer,82,7513.79,0
539.81,41-60,Engineer,177,2051.25,2
363.53,61-80,Retired,142,1038.91,2
64.9,41-60,Retired,72,6854.61,2
358.18,18-40,Student,157,619.86,1
167.2,18-40,Doctor,84,11320.83,0
121.91,61-80,Doctor,133,14510.8,0
137.57,41-60,Engineer,70,5103.67,2
534.62,41-60,Doctor,45,13793.53,0
463.92,41-60,Engineer,199,2403.39,2
320.14,61-80,Retired,96,3075.97,2
214.93,18-40,Student,52,7835.4,1
660.02,18-40,Student,84,414.43,1
345.81,41-60,Engineer,135,6116.8,0
143.54,61-80,Retired,80,6067.62,2
42.55,41-60,Engineer,29,7341.43,0
1063.25,18-40,Student,128,1240.71,1
541.79,18-40,Student,125,1454.08,1
40.57,18-40,Student,63,1476.91,1
120.24,18-40,Student,131,1943.13,1
498.67,18-40,Student,244,1719.97,1
227.22,41-60,Doctor,220,832.82,2
1182.86,18-40,Engineer,34,7696.16,0
56.94,61-80,Retired,74,7004.63,2
629.82,61-80,Retired,159,6385.69,2
59.44,18-40,Engineer,176,5472.03,0
186.69,18-40,Engineer,54,8602.22,0
230.46,18-40,Student,179,162.53,1
65.09,41-60,Engineer,159,9370.9,0
457.09,41-60,Engineer,63,8570.82,0
552.02,41-60,Engineer,100,522.08,2
377.12,18-40,Engineer,61,836.67,1
204.56,18-40,Student,179,364.72,1
420.28,18-40,Doctor,144,8557.32,0
97.09,18-40,Student,202,1579.57,1
124.59,18-40,Student,171,129.29,1
73.88,18-40,Doctor,34,6474.41,0
77.43,18-40,Student,169,1380.21,1
106.16,41-60,Doctor,277,7487.79,0
245.93,41-60,Engineer,172,7986.63,0
622.41,61-80,Doctor,125,7322.01,0
43.73,18-40,Doctor,145,9929.43,0
1282.86,18-40,Student,68,1830.98,1
2.03,18-40,Engineer,28,3012.31,1
770.65,18-40,Doctor,137,7198.8,0
260.31,61-80,Doctor,113,10980.38,0
356.1,18-40,Student,187,868.35,1
27.07,,Retired,39,3773.29,2
119.89,61-80,Doctor,60,6697.77,2
106.39,18-40,Doctor,281,9410.99,0
12.04,18-40,Engineer,58,6213.32,0
365.7,18-40,Student,115,368.78,1
29.38,18-40,Student,63,1663.31,1
319.85,61-80,Doctor,148,711.66,2
350.14,61-80,Retired,38,2403.25,2
163.94,41-60,Retired,73,5957.37,2
170.53,18-40,Student,58,801.01,1
262.22,41-60,Engineer,136,5711.71,2
41.49,18-40,Student,13,928.33,1
121.43,41-60,Engineer,243,7365.28,0
350.46,41-60,Retired,165,5839.38,2
220.41,18-40,Engineer,155,5116.98,0
33.46,61-80,Retired,111,3641.07,2
104.79,61-80,Doctor,223,1352.19,2
246.27,18-40,Doctor,141,7299.86,0
48.85,18-40,Student,176,1503.56,1
332.0,61-80,Retired,17,5943.13,2
118.1,41-60,Engineer,167,895.66,2
84.59,61-80,Doctor,10,5669.1,2
295.64,18-40,Student,82,1061.96,1
514.33,18-40,Student,160,1592.94,1
992.17,41-60,Doctor,169,6215.96,0
94.59,18-40,Doctor,34,6171.89,0
80.43,41-60,Retired,157,5987.67,2
54.25,61-80,Doctor,37,14783.33,0
178.88,61-80,Retired,93,4708.29,2
518.85,18-40,Student,82,1806.0,1
10.65,41-60,Doctor,161,13240.72,0
198.62,18-40,Student,84,1196.07,1
107.03,18-40,Student,73,1408.07,1
139.57,18-40,Student,263,271.78,1
312.47,41-60,Engineer,148,9419.27,0
346.11,41-60,Engineer,213,9551.64,0
138.06,41-60,Engineer,159,1070.47,2
158.02,41-60,Engineer,120,9374.24,0
830.01,61-80,Retired,96,4253.18,2
435.5,41-60,Retired,112,6981.03,2
110.49,41-60,Doctor,48,10483.93,0
329.4,18-40,Doctor,68,9588.07,0
635.4,41-60,Doctor,106,1238.11,2
769.97,18-40,Student,23,1244.93,1
175.07,18-40,Student,169,1040.25,1
7.31,61-80,Retired,282,5757.67,2
175.15,18-40,Student,32,1712.65,1
32.54,18-40,Student,183,1544.88,1
121.82,61-80,Doctor,119,13293.83,0
56.12,18-40,Doctor,102,8839.67,0
424.7,41-60,Retired,178,6239.89,2
35.16,18-40,Engineer,130,8459.18,0
35.73,61-80,Doctor,87,9073.17,0
3.44,61-80,Retired,108,7561.33,2
1342.25,18-40,Student,235,694.03,1
139.03,41-60,Engineer,81,2276.57,2
254.92,18-40,Engineer,169,2791.12,1
115.11,18-40,Engineer,139,9808.97,0
171.11,41-60,Retired,171,6324.09,2
168.54,61-80,Doctor,142,13406.0,0
420.76,41-60,Retired,76,6581.55,2
408.46,61-80,Retired,28,3140.79,2
1162.42,18-40,Doctor,45,10357.26,0
342.17,18-40,Student,247,461.83,1
580.71,41-60,Engineer,95,5670.0,2
821.54,61-80,Retired,36,4040.32,2
253.47,18-40,Student,238,220.51,1
22.81,61-80,Retired,75,3634.76,2
266.57,18-40,Engineer,96,7180.48,0
374.61,61-80,Retired,37,1389.71,2
339.35,61-80,Retired,70,5002.7,2
810.36,18-40,Student,67,9239.12,1
9.83,18-40,Student,86,666.42,1
135.57,41-60,Doctor,116,11351.64,0
340.05,41-60,Engineer,37,7234.15,0
283.45,18-40,Engineer,127,2049.51,1
100.99,61-80,Doctor,114,8865.27,0
90.88,18-40,Student,176,3908.47,1
655.15,18-40,Engineer,264,5587.44,0
320.55,41-60,Engineer,118,438.75,2
41.51,18-40,Student,48,609.6,1
71.53,61-80,Retired,39,2393.73,2
467.13,41-60,Retired,45,3914.84,2
235.4,18-40,Student,70,818.36,1
159.32,18-40,Student,100,304.44,1
50.83,18-40,Doctor,48,9553.42,0
56.89,41-60,Engineer,56,3034.67,2
20.22,41-60,Engineer,138,5515.32,2
50.4,18-40,Doctor,84,1677.01,0
73.88,41-60,Retired,131,4055.55,2
119.61,18-40,Doctor,53,9899.94,0
1241.05,18-40,Student,129,756.74,1
116.58,41-60,Engineer,247,2620.74,2
1919.11,18-40,Doctor,161,11090.24,0
391.96,61-80,Retired,79,2174.16,2
156.26,41-60,Engineer,160,7854.1,0
427.0,41-60,Engineer,163,8253.65,0
443.68,18-40,Student,137,874.15,1
101.76,18-40,Doctor,26,6043.25,0
67.57,18-40,Engineer,107,2766.12,1
326.29,41-60,Engineer,179,8171.26,0
158.56,18-40,Doctor,100,5401.21,0
56.02,18-40,Student,142,3548.02,1
288.28,18-40,Student,36,160.83,1
245.67,18-40,Student,107,752.25,1
152.18,18-40,Engineer,176,2459.84,1
114.35,41-60,Engineer,21,469.12,2
373.27,61-80,Doctor,79,8441.61,0
504.63,61-80,Engineer,168,3806.16,2
126.22,41-60,Engineer,77,6133.41,2
820.15,41-60,Doctor,181,8802.97,0
986.81,61-80,Doctor,127,14881.77,0
8.37,61-80,Retired,135,1106.34,2
197.49,41-60,Retired,30,5005.33,2
637.97,41-60,Retired,90,7949.03,2
13.52,18-40,Student,65,259.77,1
432.1,41-60,Engineer,240,2114.3,2
375.17,41-60,Engineer,66,5495.3,2
642.68,41-60,Doctor,94,8461.46,0
78.44,41-60,Retired,292,6870.84,2
139.72,41-60,Engineer,201,5058.83,2
499.99,18-40,Engineer,296,8885.0,0
10.07,18-40,Student,49,530.81,1
120.62,18-40,Student,85,9379.53,1
578.49,41-60,Retired,180,6475.13,2
119.3,18-40,Engineer,22,319.04,1
280.92,41-60,Doctor,168,5298.85,0
42.42,18-40,Student,102,490.57,1
77.03,61-80,Doctor,259,11310.27,0
22.59,61-80,Retired,45,3988.75,2
568.76,41-60,Retired,155,7484.32,2
25.94,41-60,Retired,211,4815.11,2
105.94,41-60,Engineer,207,5963.1,0
733.29,41-60,Doctor,94,10427.0,0
350.15,18-40,Student,195,296.47,1
1151.18,61-80,Doctor,105,1100.06,2
183.67,18-40,Student,238,910.26,1
278.27,18-40,Doctor,123,6684.34,0
470.3,41-60,Doctor,88,8524.09,0
261.69,41-60,Retired,84,5126.65,2
365.04,18-40,Student,94,873.89,1
211.1,41-60,Retired,136,7059.77,2
21.49,41-60,Doctor,240,11991.24,0
63.58,18-40,Student,199,8086.04,1
321.86,61-80,Doctor,167,12626.49,0
12.11,61-80,Retired,127,1730.28,2
642.54,41-60,Engineer,28,3143.17,2
210.45,18-40,Student,146,1242.49,1
313.65,41-60,Retired,173,1886.36,2
99.76,18-40,Student,131,416.89,1
115.32,41-60,Retired,113,5929.08,2
33.61,18-40,Student,72,479.08,1
498.59,18-40,Doctor,32,5862.99,0
98.81,18-40,Student,91,797.1,1
1.87,61-80,Retired,147,7287.94,2
78.92,41-60,Engineer,95,5624.86,2
194.29,18-40,Engineer,10,2988.41,1
28.73,41-60,Engineer,185,2712.96,2
105.53,18-40,Student,88,1433.66,1
737.34,18-40,Doctor,34,7336.56,0
237.86,18-40,Student,210,475.63,1
409.61,61-80,Doctor,89,11698.15,0
75.53,18-40,Student,157,1034.35,1
72.75,61-80,Doctor,15,12042.79,0
39.11,18-40,Student,143,518.54,1
1309.79,18-40,Student,139,1258.93,1
729.38,61-80,Doctor,90,9127.65,0
137.49,18-40,Engineer,50,4471.05,0
504.71,18-40,Engineer,61,6214.54,0
371.47,18-40,Student,58,1187.04,1
430.35,18-40,Doctor,205,354.9,0
230.32,18-40,Engineer,56,791.46,1
121.71,41-60,Retired,140,5878.89,2
98.87,18-40,Student,179,533.2,1
117.55,18-40,Student,35,897.94,1
244.64,18-40,Doctor,103,9159.56,0
321.93,41-60,Engineer,12,4392.73,2
1092.73,41-60,Retired,11,1390.98,2
283.23,41-60,Engineer,98,2008.77,2
346.65,18-40,Engineer,60,6356.96,0
381.62,61-80,Retired,164,6009.12,2
388.65,61-80,Retired,43,7896.85,2
29.22,18-40,Student,151,1649.43,1
46.75,61-80,Retired,150,2840.43,2
348.64,41-60,Retired,128,3274.96,2
319.17,61-80,Retired,81,6501.56,2
73.95,18-40,Student,76,363.92,1
389.63,18-40,Engineer,99,9748.48,0
217.61,18-40,Student,45,1404.53,1
199.84,18-40,Student,150,706.44,1
56.35,41-60,Doctor,75,5095.73,0
248.95,61-80,Retired,29,3059.79,2
142.58,18-40,Engineer,145,7844.23,0
1020.73,18-40,Student,87,1119.61,1
84.34,41-60,Retired,248,5313.97,2
1607.55,18-40,Engineer,156,6227.99,0
333.78,61-80,Retired,98,6810.94,2
332.59,41-60,Retired,143,1457.07,2
236.81,18-40,Student,15,813.68,1
417.8,18-40,Student,130,1518.82,1
319.27,41-60,Doctor,150,10269.78,0
384.1,41-60,Engineer,172,672.79,2
820.62,61-80,Doctor,158,6024.8,2
474.77,41-60,Engineer,50,2158.59,2
542.72,41-60,Doctor,92,6011.8,0
79.8,61-80,Retired,76,6372.58,2
46.24,41-60,Engineer,52,2569.56,2
327.8,61-80,Doctor,54,10585.48,0
445.79,41-60,Doctor,161,717.99,2
55.89,61-80,Retired,150,3689.65,2
158.41,18-40,Student,16,1512.16,1
101.19,61-80,Doctor,75,14389.45,0
827.14,18-40,Engineer,265,9800.21,0
61.97,61-80,Retired,95,7014.69,2
27.21,61-80,Retired,102,3520.61,2
173.74,,Retired,64,4913.42,2
176.11,18-40,Engineer,105,9155.35,0
88.4,41-60,Engineer,174,2567.53,2
567.92,41-60,Retired,14,3779.47,2
138.11,61-80,Retired,104,4177.65,2
456.93,18-40,Engineer,193,7284.76,0
101.42,61-80,Retired,146,6530.59,2
300.61,41-60,Doctor,51,7895.54,0
265.94,41-60,Engineer,132,6781.3,0
345.54,18-40,Engineer,50,2091.78,1
411.52,41-60,Doctor,88,11108.39,0
111.21,18-40,Doctor,111,9088.36,0
316.37,41-60,Engineer,86,4671.69,2
260.63,18-40,Engineer,142,7534.73,0
92.36,18-40,Engineer,144,6353.14,0
262.06,61-80,Doctor,118,13587.52,0
64.5,61-80,Retired,230,1351.24,2
253.55,18-40,Engineer,85,2797.26,1
408.28,18-40,Student,125,1222.77,1
175.94,41-60,Retired,89,3728.04,2
199.47,41-60,Doctor,142,6067.44,0
51.07,61-80,Retired,133,4292.16,2
435.86,41-60,Retired,134,3801.82,2
74.73,61-80,Retired,162,6353.22,2
182.79,18-40,Student,14,1251.85,1
628.36,41-60,Doctor,108,11869.71,0
268.39,18-40,Doctor,177,9409.43,0
362.27,,Retired,47,6003.59,2
560.15,41-60,Engineer,92,817.83,2
351.99,,Retired,45,3663.64,2
132.36,18-40,Student,160,319.65,1
24.77,41-60,Engineer,17,478.23,2
668.67,41-60,Doctor,143,13446.81,0
80.24,41-60,Doctor,58,8012.81,0
8.65,61-80,Retired,198,4201.22,2
178.91,18-40,Student,19,8870.89,1
115.22,18-40,Engineer,108,906.2,1
161.63,41-60,Doctor,276,9286.37,0
542.75,61-80,Retired,63,2224.08,2
317.47,61-80,Doctor,16,14639.28,0
280.99,41-60,Engineer,29,9733.59,0
24.19,18-40,Engineer,28,2756.2,1
586.85,18-40,Doctor,86,6655.15,0
372.41,41-60,Retired,143,3233.87,2
63.17,18-40,Student,148,1676.57,1
383.69,41-60,Engineer,285,8371.11,0
247.17,61-80,Retired,149,2611.64,2
48.78,18-40,Student,136,552.06,1
4.15,61-80,Retired,119,6017.36,2
60.99,18-40,Engineer,58,7281.46,0
408.19,18-40,Engineer,241,6847.47,0
524.6,41-60,Doctor,76,13017.7,0
108.96,18-40,Student,247,7597.66,1
70.03,61-80,Retired,49,7330.31,2
124.84,41-60,Retired,79,6711.78,2
324.04,41-60,Retired,30,2248.06,2
39.69,61-80,Retired,163,3524.68,2
157.7,41-60,Engineer,46,8332.58,0
81.27,18-40,Student,68,1814.48,1
193.82,18-40,Engineer,176,3886.77,1
16.73,61-80,Retired,165,7591.13,2
474.05,41-60,Retired,214,1484.31,2
39.21,61-80,Doctor,245,9385.57,0
637.75,61-80,Retired,152,4202.92,2
153.59,61-80,Retired,174,4813.12,2
186.6,18-40,Student,139,9716.68,1
644.08,18-40,Student,55,1980.62,1
226.66,41-60,Doctor,168,10216.25,0
305.0,18-40,Student,222,944.83,1
233.1,41-60,Doctor,37,7469.2,0
793.13,61-80,Doctor,76,13389.16,0
224.19,41-60,Doctor,93,8475.47,0
214.83,18-40,Student,63,991.69,1
163.46,61-80,Retired,111,6953.8,2
194.99,18-40,Engineer,91,1370.03,1
23.4,41-60,Doctor,175,14851.28,0
227.5,18-40,Doctor,277,11505.35,0
259.9,18-40,Student,100,914.28,1
59.51,18-40,Doctor,55,9955.88,0
50.63,61-80,Retired,143,4732.81,2
1074.95,18-40,Student,91,530.86,1
112.94,61-80,Retired,31,3807.84,2
11.81,18-40,Student,131,320.25,1
329.14,41-60,Doctor,14,12033.92,0
154.24,61-80,Retired,82,6109.55,2
233.44,18-40,Student,297,1691.88,1
141.8,18-40,Student,116,1697.67,1
209.03,41-60,Engineer,126,8359.5,0
1137.63,18-40,Student,144,1629.12,1
261.14,41-60,Engineer,162,6100.08,0
101.81,41-60,Doctor,105,13872.03,0
98.71,18-40,Doctor,117,10095.23,0
87.38,18-40,Student,252,1504.99,1
83.39,18-40,Doctor,158,13182.11,0
267.55,41-60,Engineer,40,4330.04,2
870.05,18-40,Doctor,39,905.25,0
154.32,18-40,Engineer,269,6972.5,0
164.51,61-80,Retired,110,3553.69,2
758.12,61-80,Retired,90,6164.65,2
103.76,18-40,Engineer,188,9626.14,0
583.92,41-60,Engineer,139,6364.14,0
204.06,61-80,Retired,159,4351.83,2
53.51,41-60,Retired,165,5773.5,2
1108.46,18-40,Engineer,262,9257.04,0
52.95,61-80,Retired,14,6335.58,2
120.17,41-60,Doctor,105,5403.79,0
220.8,18-40,Engineer,28,8135.31,0
119.01,41-60,Doctor,87,9798.26,0
183.32,18-40,Student,74,137.42,1
858.88,61-80,Engineer,227,7015.46,2
11.46,41-60,Engineer,128,2356.71,2
61.37,61-80,Retired,164,4294.44,2
103.08,41-60,Engineer,150,9251.38,0
1.21,41-60,Retired,196,7542.74,2
425.18,18-40,Engineer,172,9880.71,0
60.96,41-60,Retired,238,6189.24,2
64.21,41-60,Doctor,37,12540.18,0
523.02,41-60,Retired,83,4586.11,2
50.26,61-80,Retired,164,1519.38,2
110.08,18-40,Student,95,1447.26,1
54.47,18-40,Student,34,1131.42,1
79.76,61-80,Doctor,115,10278.75,0
16.79,18-40,Doctor,146,535.15,0
1531.31,18-40,Student,62,859.86,1
68.62,18-40,Doctor,157,13891.47,0
157.16,18-40,Student,280,1545.77,1
643.38,18-40,Student,105,1046.74,1
328.34,41-60,Engineer,31,2840.45,2
72.68,61-80,Retired,44,6216.77,2
354.76,41-60,Doctor,279,10141.92,0
793.88,18-40,Student,252,1404.06,1
29.22,18-40,Engineer,69,7795.79,0
653.97,18-40,Engineer,100,3886.65,1
366.43,18-40,Student,92,1560.45,1
120.86,18-40,Doctor,162,13566.58,0
233.74,61-80,Retired,142,4749.54,2
471.84,18-40,Student,138,1044.33,1
213.4,61-80,Retired,100,2012.24,2
254.21,41-60,Engineer,46,2487.2,2
577.73,18-40,Doctor,63,14977.99,0
170.26,18-40,Student,265,1969.48,1
337.73,61-80,Retired,107,7001.2,2
330.61,61-80,Retired,113,2525.25,2
132.33,18-40,Engineer,47,7457.94,0
672.74,41-60,Engineer,118,5386.52,2
74.04,18-40,Student,66,1690.23,1
197.18,18-40,Engineer,135,3114.92,1
21.15,61-80,Retired,180,3466.74,2
218.37,61-80,Doctor,105,9942.24,0
590.01,18-40,Doctor,140,9791.74,0
697.82,41-60,Engineer,153,6824.0,0
302.76,18-40,Engineer,88,8583.39,0
148.0,18-40,Student,35,1488.65,1
22.26,18-40,Student,56,5583.88,1
0.86,18-40,Student,139,1357.22,1
757.1,61-80,Doctor,203,10553.23,0
38.81,18-40,Student,145,1619.6,1
76.51,41-60,Engineer,120,9475.4,0
32.46,18-40,Doctor,10,8656.18,0
1022.75,61-80,Doctor,158,207.74,2
20.64,18-40,Student,59,949.38,1
662.11,18-40,Student,219,1996.38,1
288.77,41-60,Engineer,110,8836.51,0
35.05,18-40,Doctor,105,14330.47,0
214.73,41-60,Doctor,26,5368.42,0
25.38,41-60,Engineer,66,8616.05,0
617.66,41-60,Engineer,40,5906.58,2
446.39,61-80,Retired,77,7863.6,2
377.92,18-40,Engineer,204,2254.71,1
11.04,18-40,Engineer,43,6983.04,0
275.46,18-40,Doctor,67,9697.75,0
179.76,61-80,Retired,81,5909.52,2
32.34,41-60,Doctor,45,7847.62,0
273.92,61-80,Retired,109,4543.56,2
375.45,18-40,Student,32,1307.23,1
388.98,18-40,Student,155,1819.91,1
492.84,18-40,Student,38,577.67,1
148.85,41-60,Doctor,25,7802.36,0
119.95,61-80,Retired,47,2596.61,2
391.66,41-60,Engineer,103,2406.31,2
185.99,41-60,Engineer,53,402.45,2
322.48,18-40,Student,57,1238.43,1
20.27,18-40,Student,22,796.35,1
280.61,41-60,Engineer,129,7888.76,0
199.02,61-80,Retired,269,4658.89,2
104.23,61-80,Retired,108,5009.29,2
353.59,41-60,Retired,109,1822.34,2
55.86,18-40,Engineer,68,5346.46,0
10.77,18-40,Doctor,178,10704.95,0
95.55,18-40,Engineer,51,2434.74,1
477.07,18-40,Engineer,278,6568.07,0
9.1,41-60,Retired,63,2791.45,2
21.41,41-60,Doctor,99,658.91,2
278.28,18-40,Student,26,1346.88,1
388.1,61-80,Retired,40,3022.12,2
215.39,18-40,Student,216,1582.55,1
194.37,61-80,Doctor,161,14395.88,0
37.7,18-40,Student,109,1741.1,1
19.59,61-80,Retired,122,1061.69,2
81.35,41-60,Engineer,103,7192.45,0
314.54,41-60,Engineer,228,9923.45,0
466.64,41-60,Doctor,11,10915.11,0
397.01,18-40,Student,100,719.52,1
472.48,41-60,Engineer,87,7128.82,0
67.15,41-60,Doctor,14,9028.49,0
102.67,61-80,Retired,119,4656.94,2
460.09,18-40,Doctor,146,6990.64,0
453.49,61-80,Doctor,147,6366.43,2
267.17,18-40,Student,170,1382.62,1
111.26,61-80,Doctor,43,14350.11,0
121.17,61-80,Doctor,158,12990.77,0
213.28,41-60,Retired,94,4835.91,2
187.88,61-80,Engineer,180,2154.58,2
471.88,18-40,Doctor,141,14833.34,0
83.79,41-60,Engineer,47,5061.3,2
212.14,61-80,Retired,105,7225.06,2
99.16,61-80,Retired,202,2607.58,2
839.33,61-80,Doctor,86,11538.97,0
29.91,61-80,Retired,43,2834.84,2
4.24,18-40,Engineer,38,7822.73,0
50.29,41-60,Doctor,64,7604.9,0
135.85,41-60,Retired,269,1480.39,2
368.53,61-80,Doctor,34,13696.31,0
17.95,61-80,Doctor,135,12344.9,0
127.8,18-40,Engineer,47,8630.99,0
16.73,41-60,Engineer,48,2202.62,2
317.12,41-60,Doctor,80,14409.74,0
476.63,61-80,Retired,115,4894.25,2
156.58,18-40,Student,160,8981.61,1
55.12,18-40,Engineer,261,3791.99,0
15.74,18-40,Student,38,690.16,1
353.68,61-80,Retired,145,6777.12,2
297.15,61-80,Retired,178,5449.37,2
647.85,18-40,Doctor,121,13779.97,0
75.04,41-60,Engineer,178,9648.6,0
273.92,18-40,Student,35,1029.15,1
215.8,41-60,Retired,66,3656.62,2
963.77,41-60,Engineer,248,6710.51,0
420.6,18-40,Student,55,1778.75,1
688.36,18-40,Student,22,5191.13,1
285.18,41-60,Doctor,150,14847.97,0
213.55,61-80,Doctor,15,5238.37,2
463.11,41-60,Doctor,159,10238.82,0
150.03,61-80,Retired,176,7491.42,2
428.61,41-60,Retired,131,2116.36,2
309.56,41-60,Doctor,147,972.04,2
377.08,18-40,Student,71,6430.86,1
77.25,61-80,Doctor,157,14077.97,0
146.92,61-80,Retired,272,3990.6,2
126.6,18-40,Student,146,961.65,1
101.34,18-40,Student,46,703.26,1
184.97,41-60,Doctor,268,1156.67,2
451.15,41-60,Engineer,175,1356.47,2
516.47,18-40,Student,94,1305.06,1
880.04,18-40,Student,29,261.97,1
353.69,41-60,Engineer,163,9500.79,0
66.69,18-40,Student,140,1210.33,1
95.75,18-40,Engineer,169,337.62,1
43.91,18-40,Student,86,1806.68,1
98.03,41-60,Engineer,165,6323.45,0
617.66,41-60,Engineer,128,7155.95,0
888.57,61-80,Retired,102,7896.14,2
107.48,18-40,Student,129,591.23,1
36.57,61-80,Retired,69,2583.07,2
575.62,41-60,Doctor,129,234.41,2
84.89,18-40,Engineer,70,4735.61,0
832.3,61-80,Retired,86,6617.52,2
180.65,18-40,Student,38,816.01,1
7.76,41-60,Retired,84,7393.11,2
109.3,41-60,Doctor,27,13510.11,0
230.08,61-80,Retired,124,4466.1,2
361.92,41-60,Retired,111,7474.31,2
71.29,61-80,Retired,55,7225.63,2
122.45,41-60,Doctor,98,7255.49,0
642.53,61-80,Doctor,128,11417.91,0
62.86,18-40,Student,31,1040.43,1
175.21,61-80,Doctor,69,6039.04,2
168.0,18-40,Engineer,11,3498.58,1
11.46,61-80,Retired,73,6628.75,2
382.07,61-80,Doctor,147,10156.09,0
13.48,18-40,Student,20,521.88,1
65.32,18-40,Student,54,9165.02,1
83.07,18-40,Engineer,291,6704.76,0
730.1,61-80,Retired,93,6384.05,2
85.31,61-80,Retired,27,6095.65,2
726.61,18-40,Student,277,1008.76,1
130.4,41-60,Engineer,63,4381.24,2
68.1,18-40,Student,47,1382.8,1
65.26,18-40,Student,72,7380.63,1
191.62,61-80,Doctor,51,1981.67,2
212.88,18-40,Doctor,122,7036.72,0
88.38,18-40,Engineer,138,3707.82,1
48.77,41-60,Engineer,51,2040.16,2
289.1,18-40,Student,206,267.53,1
390.09,18-40,Engineer,49,2617.23,1
48.29,18-40,Engineer,242,8883.4,0
333.83,61-80,Retired,135,1660.66,2
1074.29,61-80,Retired,79,2011.6,2
100.27,61-80,Retired,51,4309.9,2
44.54,18-40,Engineer,164,362.4,1
1156.18,41-60,Doctor,40,836.69,2
82.17,18-40,Student,21,1913.06,1
1045.45,18-40,Student,150,563.46,1
447.42,18-40,Engineer,65,6133.22,0
590.26,18-40,Student,48,1068.28,1
192.73,61-80,Retired,157,2037.75,2
146.01,18-40,Student,269,221.79,1
136.05,18-40,Student,63,1127.54,1
11.57,41-60,Retired,64,2061.61,2
102.34,41-60,Doctor,78,9326.28,0
7.82,18-40,Engineer,273,2240.49,1
79.43,61-80,Retired,72,6579.37,2
386.97,41-60,Retired,137,1876.35,2
51.22,18-40,Student,82,1664.59,1
256.05,41-60,Retired,35,6910.18,2
7.79,18-40,Doctor,298,1319.85,0
233.71,61-80,Doctor,11,6095.5,2
176.37,41-60,Retired,126,2420.86,2
122.63,18-40,Student,153,359.06,1
86.41,61-80,Retired,125,3128.71,2
21.57,41-60,Retired,71,7587.48,2
82.67,18-40,Student,46,290.59,1
451.35,41-60,Engineer,223,7707.96,0
299.42,61-80,Retired,53,4735.41,2
543.47,18-40,Student,122,6165.03,1
346.76,18-40,Student,116,1637.75,1
47.48,18-40,Student,66,585.52,1
64.92,41-60,Engineer,236,5481.76,0
350.72,18-40,Student,48,1982.9,1
3.8,61-80,Doctor,174,5766.96,2
22.54,18-40,Engineer,42,7139.11,0
767.14,61-80,Retired,38,4732.57,2
167.47,18-40,Engineer,103,2293.13,1
43.65,18-40,Engineer,212,2870.67,1
391.08,41-60,Retired,105,6885.16,2
390.77,41-60,Doctor,34,5500.56,0
508.16,18-40,Engineer,131,5609.44,0
36.76,61-80,Retired,108,1228.93,2
332.33,18-40,Student,101,192.63,1
362.09,18-40,Engineer,31,6590.28,0
42.58,18-40,Doctor,80,13485.0,0
122.35,41-60,Retired,188,6472.5,2
248.66,18-40,Engineer,113,2571.39,1
461.25,41-60,Doctor,171,676.1,2
61.77,41-60,Doctor,49,12352.2,0
268.92,18-40,Engineer,148,8765.38,0
303.97,18-40,Student,77,1590.88,1
219.02,41-60,Engineer,68,7375.73,0
125.14,18-40,Student,31,1845.18,1
47.6,41-60,Engineer,115,1382.51,2
592.82,61-80,Retired,248,7508.98,2
372.5,18-40,Student,211,3901.82,1
4.72,18-40,Engineer,20,4792.01,0
144.93,41-60,Engineer,74,6887.52,0
316.56,18-40,Engineer,261,8643.51,0
9.18,18-40,Student,140,887.32,1
421.25,18-40,Student,66,7174.69,1
185.71,41-60,Engineer,194,2679.91,2
1432.02,61-80,Retired,138,4315.07,2
26.27,41-60,Engineer,177,8853.93,0
297.03,61-80,Retired,151,1088.62,2
341.67,41-60,Retired,96,1442.29,2
99.52,41-60,Engineer,127,3798.09,2
881.1,18-40,Student,16,9951.68,1
139.69,41-60,Engineer,180,9567.94,0
42.72,18-40,Engineer,143,2669.66,1
112.72,18-40,Doctor,17,9630.0,0
568.88,18-40,Student,105,1307.86,1
189.03,18-40,Student,50,1916.46,1
199.8,18-40,Student,163,167.28,1
189.08,61-80,Doctor,238,10790.8,0
958.9,18-40,Engineer,135,9977.49,0
409.59,18-40,Doctor,50,14563.02,0
349.34,18-40,Student,245,614.14,1
283.15,18-40,Student,180,603.79,1
151.82,41-60,Retired,105,2197.12,2
438.59,18-40,Engineer,103,8994.39,0
590.57,61-80,Retired,93,3224.6,2
63.74,61-80,Retired,31,4336.4,2
77.02,41-60,Doctor,132,800.83,2
501.15,41-60,Engineer,208,8821.84,0
917.81,61-80,Retired,75,3173.17,2
8.95,61-80,Retired,102,3299.84,2
173.6,18-40,Student,160,421.44,1
149.4,41-60,Retired,123,1035.22,2
388.21,41-60,Doctor,237,9724.49,0
484.3,61-80,Retired,230,7910.3,2
126.04,61-80,Retired,167,6041.69,2
52.04,41-60,Doctor,31,8436.12,0
389.7,61-80,Doctor,216,7125.15,0
161.1,18-40,Student,104,239.12,1
309.77,61-80,Retired,137,4378.14,2
838.57,41-60,Doctor,273,14576.47,0
202.55,18-40,Student,34,701.73,1
724.18,41-60,Doctor,134,10922.78,0
124.98,18-40,Student,78,642.0,1
487.32,41-60,Doctor,164,7707.96,0
635.91,41-60,Doctor,78,13267.09,0
205.65,61-80,Retired,144,3582.16,2
39.41,18-40,Student,132,921.91,1
254.0,18-40,Doctor,63,5788.53,0
436.8,18-40,Engineer,213,4515.43,0
224.73,61-80,Retired,63,7551.89,2
752.69,61-80,Doctor,115,14489.69,0
78.5,18-40,Doctor,41,13991.5,0
50.0,41-60,Doctor,87,185.87,2
132.42,18-40,Student,164,726.39,1
11.67,61-80,Retired,105,7458.63,2
83.16,61-80,Retired,177,3065.87,2
149.02,41-60,Engineer,176,9379.72,0
74.27,41-60,Doctor,148,13696.61,0
876.57,61-80,Retired,118,3743.63,2
615.58,41-60,Doctor,133,14343.0,0
643.03,18-40,Engineer,52,2882.16,1
7.95,61-80,Retired,65,5631.2,2
270.92,61-80,Retired,143,4574.43,2
499.48,18-40,Student,133,1242.62,1
841.5,18-40,Student,287,352.31,1
138.82,61-80,Retired,53,3100.22,2
231.46,61-80,Engineer,83,4707.24,2
292.08,61-80,Retired,32,7950.48,2
63.98,41-60,Doctor,258,7954.12,0
235.21,61-80,Doctor,74,5946.61,2
201.73,41-60,Engineer,78,6650.71,0
161.31,18-40,Student,13,1268.67,1
18.41,41-60,Doctor,168,8287.54,0
471.75,18-40,Doctor,41,12948.5,0
290.02,41-60,Engineer,246,4746.71,2
48.05,18-40,Engineer,38,5334.97,0
359.42,41-60,Doctor,30,1765.45,2
32.91,18-40,Student,255,427.3,1
3.8,61-80,Retired,140,6285.39,2
31.81,41-60,Retired,149,1406.6,2
220.2,18-40,Student,102,1075.15,1
476.03,61-80,Retired,99,5958.34,2
141.91,18-40,Student,49,791.97,1
95.83,18-40,Student,91,1726.4,1
51.15,41-60,Engineer,199,8992.25,0
1192.2,61-80,Retired,103,7816.41,2
50.75,61-80,Doctor,185,8271.47,0
185.07,18-40,Student,159,636.42,1
293.54,41-60,Engineer,45,2290.1,2
23.38,18-40,Engineer,89,9968.49,0
285.26,18-40,Student,93,167.72,1
129.48,18-40,Engineer,179,7581.7,0
743.03,41-60,Engineer,174,4111.38,2
297.86,18-40,Student,96,1680.14,1
231.92,61-80,Doctor,12,5715.08,2
295.82,41-60,Engineer,46,5897.73,2
302.86,41-60,Doctor,275,5239.24,0
81.08,41-60,Engineer,56,7788.91,0
775.6,61-80,Retired,158,3898.64,2
178.43,18-40,Student,136,1214.93,1
211.91,18-40,Student,181,927.47,1
17.21,18-40,Student,219,914.16,1
124.22,18-40,Student,172,9695.04,1
38.37,61-80,Doctor,135,8647.04,0
269.79,41-60,Engineer,17,1292.1,2
605.42,18-40,Student,33,392.34,1
11.19,61-80,Engineer,40,9877.17,2
29.19,41-60,Doctor,41,12059.85,0
701.7,61-80,Retired,64,6643.24,2
862.34,41-60,Doctor,72,9903.48,0
410.97,18-40,Student,45,151.42,1
36.97,41-60,Engineer,79,2850.92,2
137.59,18-40,Doctor,95,10679.67,0
168.11,41-60,Doctor,12,10652.13,0
430.98,18-40,Student,93,569.25,1
13.87,18-40,Student,20,954.83,1
642.68,61-80,Retired,66,1831.2,2
175.07,18-40,Engineer,169,9274.64,0
302.82,18-40,Engineer,175,9384.54,0
1647.74,61-80,Retired,52,1483.84,2
406.81,61-80,Retired,84,1968.36,2
256.3,41-60,Retired,172,4203.05,2
80.96,18-40,Student,97,959.94,1
95.78,18-40,Student,27,271.64,1
379.54,41-60,Doctor,118,12571.76,0
903.19,18-40,Student,65,8627.08,1
142.19,18-40,Student,27,524.46,1
847.45,18-40,Student,175,422.32,1
295.18,61-80,Doctor,31,12961.53,0
18.46,61-80,Retired,213,6381.6,2
603.23,18-40,Student,48,117.98,1
54.5,41-60,Retired,147,1715.22,2
414.77,18-40,Doctor,274,5599.81,0
886.19,61-80,Retired,69,7904.24,2
440.03,41-60,Engineer,88,1490.44,2
35.46,41-60,Retired,285,1532.72,2
76.39,18-40,Student,219,5976.0,1
595.91,18-40,Student,162,1673.76,1
6.03,61-80,Retired,70,3290.72,2
249.34,18-40,Engineer,197,3030.97,1
421.52,18-40,Student,67,369.86,1
189.77,41-60,Engineer,24,6570.36,0
73.19,61-80,Retired,213,2264.98,2
188.13,61-80,Retired,198,5029.87,2
30.52,61-80,Doctor,122,12327.74,0
1235.69,18-40,Student,118,420.25,1
1159.39,41-60,Doctor,150,6499.53,0
170.24,61-80,Retired,133,5172.99,2
56.62,41-60,Doctor,121,8981.1,0
53.14,18-40,Doctor,70,7915.0,0
587.23,18-40,Student,144,500.84,1
146.15,41-60,Doctor,75,13784.4,0
21.27,61-80,Retired,114,7392.79,2
1397.59,18-40,Student,144,1134.79,1
76.02,18-40,Doctor,189,14765.41,0
170.19,18-40,Student,156,745.87,1
155.51,61-80,Doctor,15,5360.19,2
135.15,61-80,Retired,50,5878.14,2
39.48,41-60,Retired,38,5889.51,2
451.68,18-40,Engineer,15,4381.54,0
19.11,41-60,Engineer,160,8478.46,0
355.0,18-40,Student,33,185.47,1
427.69,41-60,Engineer,236,2443.54,2
254.86,18-40,Student,102,699.9,1
19.48,18-40,Engineer,114,4739.59,0
190.17,41-60,Doctor,265,12893.85,0
91.38,61-80,Retired,179,2402.58,2
206.63,41-60,Retired,128,7626.53,2
93.22,41-60,Retired,52,1014.63,2
547.98,18-40,Student,171,1358.54,1
641.06,18-40,Student,25,1602.13,1
314.55,18-40,Student,19,1105.89,1
836.45,61-80,Retired,63,1731.89,2
1095.09,18-40,Engineer,52,8692.47,0
189.45,41-60,Doctor,62,12578.75,0
91.84,61-80,Retired,80,1712.41,2
609.52,61-80,Retired,169,3485.03,2
859.3,61-80,Retired,68,1146.78,2
100.01,41-60,Doctor,63,6393.12,0
28.78,41-60,Doctor,51,680.55,2
111.08,61-80,Doctor,83,7037.34,0
470.96,61-80,Doctor,124,12991.03,0
52.23,18-40,Student,96,105.01,1
78.62,18-40,Doctor,52,1360.85,0
47.79,18-40,Student,37,1649.92,1
333.97,41-60,Doctor,45,5237.36,0
30.87,18-40,Doctor,295,14348.65,0
710.43,61-80,Retired,115,5625.55,2
220.23,41-60,Engineer,48,3438.02,2
27.28,18-40,Doctor,96,10668.24,0
101.52,41-60,Engineer,98,2018.9,2
162.65,41-60,Engineer,147,9500.95,0
10.52,41-60,Retired,30,2472.99,2
270.72,18-40,Doctor,37,6522.47,0
202.34,18-40,Student,134,1223.45,1
247.58,18-40,Engineer,152,778.74,1
686.17,61-80,Retired,96,2246.15,2
359.65,18-40,Student,289,219.53,1
109.91,18-40,Doctor,90,12896.06,0
215.72,18-40,Engineer,137,8697.11,0
490.76,61-80,Retired,156,6414.11,2
224.28,61-80,Retired,68,5767.51,2
614.03,61-80,Retired,51,2815.86,2
608.79,41-60,Engineer,157,2991.17,2
186.55,41-60,Engineer,288,224.65,2
840.16,18-40,Student,68,1236.76,1
203.34,61-80,Doctor,66,13586.99,0
90.88,18-40,Engineer,284,7117.35,0
60.11,61-80,Retired,122,7235.87,2
393.92,61-80,Retired,47,7318.64,2
19.39,41-60,Doctor,45,9847.6,0
557.41,,Retired,49,2968.75,2
57.07,18-40,Doctor,99,9323.71,0
395.27,18-40,Student,167,1764.08,1
289.05,61-80,Retired,116,5683.49,2
46.11,18-40,Doctor,233,5225.73,0
335.5,61-80,Retired,47,6445.4,2
388.07,18-40,Student,68,289.71,1
520.86,41-60,Engineer,66,9200.74,0
787.41,18-40,Student,39,300.87,1
31.7,41-60,Doctor,121,743.9,2
22.3,18-40,Student,90,1200.35,1
203.12,41-60,Retired,181,1562.39,2
315.94,41-60,Doctor,172,7719.71,0
192.23,41-60,Engineer,39,2610.67,2
1510.71,61-80,Retired,51,2060.02,2
0.26,18-40,Student,173,1833.67,1
210.77,61-80,Retired,161,5396.65,2
406.65,41-60,Doctor,107,12995.7,0
422.9,41-60,Engineer,111,7616.43,0
20.62,18-40,Doctor,225,12500.8,0
174.39,18-40,Student,36,1127.08,1
7.86,61-80,Retired,91,3621.98,2
61.98,41-60,Engineer,44,5212.28,2
54.85,41-60,Retired,40,2727.45,2
204.7,41-60,Doctor,95,5117.03,0
16.55,18-40,Engineer,159,6089.79,0
91.32,41-60,Engineer,77,2618.1,2
195.49,18-40,Doctor,212,11988.12,0
49.62,41-60,Engineer,111,3841.42,2
487.16,18-40,Student,84,321.21,1
405.6,18-40,Engineer,44,9754.73,0
512.95,41-60,Engineer,143,9584.52,0
345.94,18-40,Doctor,163,7624.56,0
356.56,41-60,Engineer,52,2485.73,2
10.31,18-40,Engineer,280,2137.9,1
211.69,18-40,Doctor,111,6412.85,0
221.49,18-40,Student,196,707.25,1
278.23,41-60,Engineer,83,8300.54,0
116.88,41-60,Doctor,263,7717.34,0
328.77,18-40,Doctor,247,6967.03,0
77.53,41-60,Retired,55,5158.6,2
421.74,61-80,Doctor,103,12031.14,0
313.69,61-80,Retired,152,7093.68,2
411.72,18-40,Doctor,153,8539.86,0
508.73,41-60,Retired,89,7640.57,2
153.08,18-40,Student,201,1292.21,1
23.01,61-80,Retired,166,5958.75,2
69.28,18-40,Student,129,708.74,1
51.25,18-40,Student,66,1744.4,1
407.65,18-40,Student,263,273.78,1
459.25,18-40,Student,59,130.76,1
301.56,41-60,Doctor,118,10389.6,0
17.67,61-80,Doctor,91,1048.18,2
5.29,18-40,Doctor,132,12896.68,0
401.37,41-60,Engineer,251,8208.54,0
145.4,18-40,Engineer,24,5244.49,0
556.34,18-40,Doctor,46,11935.14,0
34.31,18-40,Student,251,1484.76,1
780.59,18-40,Student,145,6513.34,1
282.65,18-40,Doctor,161,13801.15,0
305.27,61-80,Doctor,147,12958.65,0
185.81,18-40,Doctor,116,9588.71,0
66.01,41-60,Engineer,179,3475.99,2
447.95,18-40,Engineer,75,7544.4,0
279.3,18-40,Student,48,1193.61,1
26.75,18-40,Doctor,27,12063.77,0
611.15,18-40,Student,121,892.83,1
275.2,41-60,Engineer,81,1230.12,2
427.79,18-40,Student,189,1479.67,1
469.13,41-60,Doctor,139,1265.28,2
102.81,61-80,Retired,47,3228.87,2
22.61,18-40,Student,145,1111.67,1
68.28,41-60,Engineer,293,3213.16,2
33.65,61-80,Doctor,146,12719.93,0
362.68,61-80,Retired,137,2040.77,2
73.23,18-40,Student,172,1309.85,1
654.49,18-40,Student,104,164.61,1
18.56,41-60,Engineer,161,4230.37,2
389.05,18-40,Student,41,761.0,1
7.38,61-80,Retired,105,2923.83,2
109.48,61-80,Retired,93,7372.47,2
66.91,18-40,Doctor,85,871.1,0
335.48,41-60,Engineer,155,3023.16,2
38.14,18-40,Student,174,1119.21,1
1076.98,61-80,Doctor,173,11833.73,0
360.02,61-80,Retired,68,6400.59,2
567.71,61-80,Doctor,80,13884.24,0
218.19,18-40,Student,185,620.83,1
209.99,18-40,Student,40,1938.01,1
11.02,18-40,Student,280,964.79,1
83.43,41-60,Retired,109,1870.16,2
344.97,18-40,Doctor,106,5577.94,0
172.29,18-40,Engineer,283,8700.8,0
195.54,61-80,Retired,255,2794.66,2
101.23,41-60,Engineer,87,6169.71,2
180.46,18-40,Student,34,831.75,1
692.55,41-60,Retired,109,2451.56,2
147.31,18-40,Doctor,92,13625.52,0
107.48,18-40,Student,103,1379.39,1
1831.02,61-80,Doctor,83,11498.01,0
81.51,18-40,Student,97,865.49,1
365.48,61-80,Retired,216,7147.4,2
491.1,18-40,Engineer,125,7833.85,0
452.8,,Retired,151,4840.67,2
645.04,61-80,Retired,78,7361.47,2
169.28,41-60,Doctor,114,5128.44,0
88.42,61-80,Doctor,91,12381.45,0
155.53,18-40,Engineer,66,4008.05,1
991.82,41-60,Engineer,300,3493.13,2
39.24,61-80,Retired,106,6462.41,2
152.01,41-60,Engineer,111,4625.12,2
78.77,41-60,Engineer,50,6470.57,0
26.5,41-60,Engineer,179,4854.83,2
83.62,41-60,Doctor,146,12652.22,0
142.78,61-80,Doctor,150,11705.88,0
55.99,18-40,Doctor,95,932.61,0
774.48,61-80,Doctor,31,11613.58,0
105.37,18-40,Student,160,1068.55,1
118.83,18-40,Student,295,1616.3,1
46.22,18-40,Student,217,471.28,1
659.71,18-40,Student,148,106.86,1
377.97,61-80,Retired,160,2457.1,2
114.1,61-80,Retired,148,5882.12,2
11.3,41-60,Retired,41,1938.99,2
95.5,41-60,Retired,17,4079.09,2
130.93,18-40,Engineer,149,860.12,1
272.97,61-80,Retired,174,7811.31,2
73.35,18-40,Student,47,1181.84,1
29.94,41-60,Doctor,243,10915.54,0
307.24,18-40,Student,136,1670.72,1
50.52,18-40,Student,140,1121.19,1
820.46,41-60,Engineer,243,5621.86,2
153.07,41-60,Engineer,116,8873.43,0
52.94,41-60,Doctor,146,6990.92,0
384.41,61-80,Engineer,65,7831.56,2
235.42,41-60,Retired,175,6173.23,2
114.23,41-60,Doctor,64,9523.72,0
12.62,18-40,Doctor,61,6420.47,0
997.37,18-40,Student,145,1146.09,1
373.52,18-40,Engineer,235,6430.41,0
336.05,18-40,Student,164,1635.05,1
366.93,61-80,Retired,33,6697.79,2
112.27,41-60,Doctor,102,7369.89,0
494.96,41-60,Engineer,132,6903.68,0
561.58,61-80,Doctor,23,11748.86,0
440.94,41-60,Doctor,148,7303.23,0
71.9,18-40,Doctor,51,10619.35,0
256.66,41-60,Retired,137,1794.5,2
166.55,41-60,Doctor,99,12970.21,0
276.26,41-60,Doctor,143,120.89,2
35.46,61-80,Doctor,164,5692.31,2
38.14,41-60,Engineer,165,9879.87,0
506.26,61-80,Retired,86,6266.65,2
736.32,18-40,Doctor,28,14268.95,0
389.43,41-60,Engineer,151,6449.83,0
25.58,61-80,Engineer,166,6741.41,2
446.1,18-40,Student,243,1008.44,1
147.74,18-40,Student,15,1711.78,1
1228.81,18-40,Student,254,1821.0,1
46.23,61-80,Retired,282,5107.75,2
265.37,18-40,Engineer,77,5229.95,0
342.57,18-40,Student,91,339.16,1
417.26,18-40,Doctor,45,10442.48,0
33.63,61-80,Retired,76,4324.4,2
64.58,41-60,Retired,173,6292.29,2
23.23,18-40,Student,122,269.01,1
160.52,61-80,Retired,112,5379.25,2
278.88,61-80,Doctor,179,1334.09,2
285.49,41-60,Doctor,109,6366.84,0
71.87,18-40,Student,258,1839.1,1
308.8,41-60,Retired,41,3966.54,2
135.35,18-40,Engineer,82,9983.36,0
288.43,61-80,Retired,72,4577.09,2
147.46,61-80,Doctor,205,7458.03,0
214.15,18-40,Engineer,217,6397.29,0
71.34,41-60,Engineer,144,6345.03,0
170.36,18-40,Doctor,118,6034.73,0
965.66,41-60,Engineer,32,765.81,2
736.53,41-60,Engineer,120,9826.26,0
213.42,41-60,Engineer,17,3736.38,2
94.09,18-40,Student,203,646.85,1
91.23,61-80,Retired,86,6385.12,2
263.92,41-60,Retired,233,4161.71,2
77.5,41-60,Doctor,201,11079.77,0
3.65,61-80,Doctor,146,10017.11,0
43.88,18-40,Student,251,1644.09,1
591.98,18-40,Student,132,387.65,1
224.79,18-40,Student,129,528.38,1
64.3,41-60,Retired,67,7530.3,2
111.79,61-80,Doctor,49,10887.59,0
927.16,41-60,Retired,153,7104.61,2
613.7,61-80,Retired,37,7307.11,2
26.07,18-40,Student,19,349.98,1
170.45,61-80,Engineer,199,2284.41,2
344.27,18-40,Student,123,1918.36,1
872.72,18-40,Student,288,503.01,1
292.95,18-40,Engineer,56,1216.91,1
28.44,18-40,Student,243,1071.04,1
209.02,18-40,Student,74,187.9,1
20.05,61-80,Retired,171,7145.67,2
175.02,18-40,Student,71,1493.88,1
89.5,41-60,Engineer,134,8658.95,0
69.96,18-40,Student,31,164.12,1
146.51,41-60,Engineer,68,7089.9,0
376.78,18-40,Student,88,841.65,1
148.54,61-80,Retired,107,5677.05,2
388.77,18-40,Student,30,1658.49,1
100.38,61-80,Doctor,49,10171.68,0
137.23,61-80,Doctor,63,13847.99,0
870.3,41-60,Retired,229,3688.98,2
458.94,41-60,Engineer,180,5619.95,2
327.35,18-40,Student,175,342.08,1
757.15,41-60,Engineer,38,4702.86,2
5.64,41-60,Doctor,47,12703.24,0
47.23,61-80,Retired,160,6659.81,2
239.41,41-60,Doctor,248,7860.65,0
7.48,41-60,Engineer,29,1275.2,2
170.97,18-40,Student,292,1265.27,1
262.43,18-40,Doctor,274,12841.01,0
659.15,18-40,Student,204,1241.59,1
31.53,18-40,Student,283,874.93,1
111.66,41-60,Engineer,140,5716.72,2
250.01,61-80,Retired,88,1541.48,2
554.15,41-60,Doctor,108,14817.22,0
598.66,18-40,Engineer,222,2587.11,1
28.38,41-60,Doctor,98,173.7,2
16.8,41-60,Doctor,94,11847.07,0
896.79,18-40,Doctor,168,11146.74,0
159.0,41-60,Engineer,38,369.79,2
56.31,61-80,Retired,195,6396.08,2
203.99,41-60,Retired,215,4840.31,2
50.99,18-40,Doctor,76,1334.6,0
101.28,18-40,Engineer,75,2774.35,1
299.92,18-40,Student,122,1368.0,1
77.54,61-80,Retired,73,4536.38,2
18.35,18-40,Student,78,1293.39,1
732.53,18-40,Student,116,441.54,1
65.11,18-40,Engineer,150,8485.14,0
67.07,18-40,Student,56,999.62,1
137.48,41-60,Doctor,47,14273.42,0
398.36,18-40,Student,56,1863.7,1
469.46,18-40,Student,149,8640.56,1
37.58,41-60,Doctor,182,259.44,2
160.24,18-40,Engineer,15,5526.97,0
315.39,18-40,Student,93,929.6,1
434.17,18-40,Student,148,5335.44,1
165.91,18-40,Student,84,587.12,1
211.36,41-60,Engineer,194,4760.34,2
241.45,18-40,Student,158,1594.04,1
23.24,61-80,Doctor,129,13777.79,0
70.88,61-80,Retired,176,1794.65,2
1143.67,61-80,Retired,111,7677.76,2
314.52,,Retired,229,7071.32,2
181.81,61-80,Retired,122,7525.73,2
854.64,41-60,Retired,118,2989.25,2
261.19,61-80,Retired,52,7620.6,2
220.68,61-80,Retired,217,5549.2,2
11.86,18-40,Engineer,129,6782.61,0
122.65,18-40,Student,41,1968.51,1
395.16,41-60,Retired,17,5340.73,2
704.69,41-60,Retired,150,3267.84,2
369.89,61-80,Retired,69,6941.47,2
10.92,61-80,Retired,268,7567.2,2
199.14,18-40,Engineer,36,7001.25,0
109.43,61-80,Retired,140,1983.65,2
304.15,18-40,Student,40,686.91,1
620.54,18-40,Student,98,213.36,1
757.79,18-40,Student,117,1443.02,1
122.81,41-60,Doctor,12,8450.84,0
96.25,61-80,Retired,171,7996.7,2
1431.33,18-40,Doctor,49,5567.98,0
142.55,61-80,Doctor,97,1262.68,2
35.94,18-40,Student,141,1697.28,1
24.86,41-60,Engineer,292,2591.65,2
103.08,61-80,Doctor,109,12002.16,0
116.27,41-60,Engineer,94,8726.92,0
363.84,61-80,Retired,118,5415.64,2
34.74,41-60,Retired,72,3736.57,2
64.01,18-40,Student,240,1225.69,1
108.75,41-60,Doctor,23,14829.85,0
50.9,18-40,Student,150,1277.7,1
206.84,18-40,Student,154,454.66,1
37.4,18-40,Student,84,1519.51,1
154.21,41-60,Engineer,75,8045.77,0
199.37,18-40,Student,79,1331.3,1
410.49,18-40,Student,134,1843.57,1
1360.01,61-80,Retired,218,6601.5,2
18.23,41-60,Engineer,28,8422.2,0
398.7,41-60,Doctor,276,7987.74,0
122.14,18-40,Student,155,327.68,1
378.2,41-60,Engineer,167,7372.81,0
124.74,41-60,Engineer,33,2987.97,2
17.1,41-60,Retired,101,1619.54,2
287.05,18-40,Student,212,1204.65,1
874.72,18-40,Engineer,173,4630.58,0
1762.28,18-40,Student,150,1380.34,1
40.12,18-40,Doctor,269,14304.38,0
125.0,41-60,Engineer,177,3215.76,2
348.44,18-40,Student,147,1022.94,1
128.4,61-80,Retired,31,2610.64,2
320.93,41-60,Engineer,178,9451.66,0
1.41,41-60,Retired,278,1244.17,2
50.52,41-60,Doctor,293,12815.24,0
383.95,18-40,Engineer,143,9933.56,0
12.94,18-40,Student,158,921.23,1
329.75,41-60,Retired,211,6009.43,2
981.76,41-60,Doctor,234,602.36,2
40.79,18-40,Student,80,1769.33,1
99.25,61-80,Retired,93,2570.34,2
150.6,61-80,Retired,59,3240.14,2
29.5,61-80,Retired,129,1229.32,2
54.34,61-80,Doctor,46,8019.89,0
18.25,41-60,Doctor,18,14328.29,0
633.87,18-40,Student,175,330.16,1
81.15,18-40,Student,114,1595.26,1
83.95,61-80,Retired,170,7413.18,2
410.4,61-80,Retired,78,2563.91,2
172.68,18-40,Doctor,17,10724.95,0
139.88,18-40,Engineer,162,2969.71,1
165.55,18-40,Student,115,761.78,1
53.79,41-60,Engineer,137,6229.36,0
285.69,61-80,Retired,35,2552.54,2
532.4,18-40,Student,149,1033.73,1
293.85,18-40,Student,144,1919.97,1
27.94,61-80,Retired,120,1893.44,2
270.36,18-40,Student,37,1783.04,1
112.66,18-40,Engineer,176,852.98,1
506.03,18-40,Student,21,1123.89,1
206.95,18-40,Student,31,1817.65,1
350.96,61-80,Retired,167,5463.94,2
261.63,18-40,Student,150,477.03,1
46.12,41-60,Doctor,30,8874.01,0
27.25,61-80,Retired,92,5365.2,2
1353.93,18-40,Engineer,171,7858.41,0
331.66,61-80,Retired,145,7216.3,2
667.95,61-80,Doctor,253,13558.56,0
49.84,41-60,Doctor,146,7872.04,0
556.04,61-80,Retired,27,5200.04,2
88.06,18-40,Student,288,1779.85,1
745.95,41-60,Doctor,127,13264.14,0
67.25,18-40,Student,157,467.4,1
93.63,18-40,Engineer,141,9873.62,0
74.11,18-40,Student,49,1257.9,1
41.13,61-80,Retired,58,6067.54,2
192.02,61-80,Retired,154,5169.07,2
291.27,61-80,Retired,121,6878.86,2
296.46,18-40,Student,136,558.99,1
341.84,18-40,Student,89,1400.04,1
98.41,18-40,Student,48,912.71,1
109.28,18-40,Engineer,112,6338.35,0
27.51,41-60,Doctor,103,13645.63,0
12.18,61-80,Retired,77,4909.24,2
207.71,18-40,Student,63,570.1,1
25.77,41-60,Doctor,277,11749.77,0
127.57,41-60,Retired,75,6118.2,2
392.05,61-80,Engineer,172,4383.69,2
521.01,41-60,Engineer,73,4004.55,2
849.76,18-40,Student,269,373.88,1
172.5,61-80,Doctor,31,6851.16,2
265.44,18-40,Engineer,169,9700.77,0
152.34,41-60,Doctor,115,6853.51,0
21.13,18-40,Student,153,948.7,1
111.55,41-60,Doctor,101,12221.17,0
321.82,18-40,Engineer,43,6500.5,0
1294.81,41-60,Engineer,279,9927.75,0
148.77,61-80,Retired,175,2138.42,2
14.08,41-60,Retired,154,3908.65,2
1283.97,41-60,Doctor,121,11041.9,0
566.33,18-40,Student,66,379.82,1
206.51,41-60,Retired,275,3921.74,2
180.94,61-80,Retired,57,7659.99,2
77.9,18-40,Student,128,664.72,1
318.92,18-40,Student,60,1167.25,1
583.3,41-60,Engineer,142,5896.01,2
100.68,61-80,Retired,139,1123.75,2
589.64,61-80,Retired,210,2039.4,2
225.93,18-40,Student,199,1864.27,1
651.55,61-80,Retired,82,2325.78,2
80.97,18-40,Doctor,157,5926.31,0
191.89,18-40,Student,14,399.57,1
304.75,61-80,Retired,125,1916.34,2
201.53,61-80,Retired,287,2732.86,2
8.45,18-40,Student,141,1115.3,1
435.98,18-40,Engineer,105,7334.08,0
743.24,18-40,Student,109,1024.19,1
16.27,41-60,Doctor,44,10971.32,0
290.86,41-60,Doctor,36,14631.88,0
85.73,41-60,Doctor,266,14928.35,0
555.71,18-40,Student,73,830.37,1
40.03,18-40,Student,200,6408.8,1
73.01,18-40,Student,62,1997.33,1
346.12,41-60,Doctor,12,13084.27,0
1.93,41-60,Doctor,175,5684.09,0
252.93,61-80,Retired,222,2760.37,2
238.54,18-40,Student,12,868.91,1
1011.22,61-80,Retired,129,5838.91,2
58.7,61-80,Doctor,141,8937.35,0
7.56,41-60,Doctor,145,8528.72,0
540.4,41-60,Doctor,272,425.77,2
264.14,61-80,Doctor,125,8459.26,0
248.15,61-80,Retired,202,2649.23,2
24.34,41-60,Engineer,110,6659.12,0
428.61,61-80,Doctor,62,11937.04,0
117.66,18-40,Doctor,126,6794.17,0
165.8,61-80,Engineer,287,2064.76,2
289.18,61-80,Retired,64,3139.75,2
125.39,18-40,Student,140,202.69,1
305.18,41-60,Retired,216,4474.2,2
506.9,61-80,Doctor,56,11471.87,0
504.12,18-40,Student,101,1107.28,1
42.09,18-40,Engineer,118,5526.28,0
607.28,18-40,Doctor,84,9679.68,0
91.9,61-80,Retired,125,1033.94,2
303.43,18-40,Student,30,1833.24,1
668.78,18-40,Student,141,983.68,1
270.54,18-40,Student,139,269.78,1
247.93,18-40,Engineer,79,9801.48,0
34.67,18-40,Student,71,888.6,1
326.03,18-40,Student,137,290.24,1
148.26,18-40,Student,57,958.7,1
1086.6,18-40,Student,38,1605.67,1
373.99,61-80,Doctor,140,8590.5,0
254.34,41-60,Engineer,79,5461.08,2
819.48,18-40,Student,26,1804.5,1
14.0,41-60,Engineer,173,7975.18,0
57.16,41-60,Engineer,74,222.22,2
282.26,18-40,Engineer,278,6857.2,0
46.96,41-60,Engineer,12,2028.92,2
473.2,18-40,Doctor,173,248.52,1
192.97,41-60,Retired,140,3019.04,2
168.99,18-40,Student,203,1523.57,1
1.82,,Retired,60,5571.39,2
40.9,41-60,Doctor,37,1514.34,2
78.91,61-80,Doctor,157,1817.43,2
169.97,18-40,Student,12,6269.12,1
17.79,61-80,Retired,162,2281.9,2
486.61,41-60,Engineer,130,2006.69,2
148.13,41-60,Retired,56,2189.38,2
164.52,61-80,Doctor,162,11036.74,0
720.89,18-40,Student,120,447.06,1
268.7,41-60,Retired,63,2104.74,2
637.34,41-60,Retired,278,5183.5,2
216.76,41-60,Engineer,138,643.64,2
418.02,41-60,Doctor,110,11011.86,0
292.03,41-60,Engineer,154,951.33,2
251.4,41-60,Retired,178,2561.67,2
184.56,18-40,Student,93,1549.27,1
33.76,18-40,Engineer,227,3253.51,1
253.46,41-60,Engineer,60,1338.95,2
1612.37,61-80,Retired,173,3910.59,2
138.68,18-40,Student,44,206.2,1
42.56,18-40,Student,146,4361.44,1
680.76,18-40,Student,165,572.97,1
53.83,61-80,Retired,131,4580.59,2
11.09,41-60,Engineer,95,2990.05,2
37.81,61-80,Retired,195,5208.98,2
449.18,61-80,Retired,50,1025.99,2
1135.8,18-40,Doctor,250,13534.3,0
297.6,18-40,Doctor,162,1461.17,0
683.75,18-40,Doctor,106,6333.72,0
21.4,41-60,Engineer,129,8551.6,0
315.94,61-80,Retired,93,4273.99,2
331.32,61-80,Doctor,137,13054.54,0
223.76,61-80,Retired,110,4102.23,2
216.03,41-60,Doctor,300,10462.77,0
17.42,61-80,Retired,150,6851.31,2
491.91,61-80,Retired,155,2421.94,2
350.11,61-80,Retired,178,4639.04,2
218.07,18-40,Student,243,443.62,1
291.09,41-60,Engineer,73,6312.79,2
422.14,18-40,Student,109,1436.32,1
613.21,61-80,Retired,157,3279.12,2
73.83,61-80,Doctor,69,6020.29,2
67.33,41-60,Engineer,36,5925.98,2
26.92,61-80,Retired,43,1674.94,2
18.3,41-60,Engineer,155,3733.52,2
317.94,41-60,Engineer,124,2996.51,2
179.38,41-60,Doctor,173,11666.18,0
918.95,61-80,Doctor,139,7006.46,2
13.92,18-40,Engineer,209,2735.84,1
365.43,18-40,Student,176,1073.51,1
263.59,61-80,Retired,16,6996.35,2
54.8,18-40,Engineer,140,4943.49,0
141.49,18-40,Student,75,1665.58,1
31.39,18-40,Student,15,998.49,1
93.82,18-40,Engineer,176,8422.06,0
5.71,18-40,Student,106,1285.42,1
178.39,18-40,Engineer,98,8469.43,0
126.91,18-40,Student,42,692.69,1
36.09,41-60,Doctor,167,12319.26,0
91.77,41-60,Doctor,174,9240.73,0
198.92,18-40,Engineer,100,2854.66,1
137.81,41-60,Engineer,44,2631.47,2
136.88,18-40,Student,71,7465.95,1
133.07,18-40,Student,155,1670.99,1
1.14,41-60,Doctor,137,13913.92,0
256.34,61-80,Retired,99,7471.63,2
56.11,18-40,Doctor,109,11123.65,0
118.1,41-60,Engineer,50,7976.6,0
137.86,61-80,Doctor,120,8046.94,0
813.78,41-60,Doctor,55,14935.5,0
237.97,61-80,Doctor,69,13486.15,0
684.96,18-40,Student,31,526.67,1
878.63,61-80,Engineer,139,4954.37,2
276.56,61-80,Doctor,15,8942.58,0
8.75,61-80,Retired,199,4044.62,2
637.48,61-80,Retired,207,4148.85,2
103.15,41-60,Doctor,179,11388.15,0
505.6,41-60,Retired,183,5347.57,2
371.86,41-60,Doctor,91,1329.45,2
14.26,41-60,Engineer,37,2475.65,2
13.16,41-60,Engineer,98,1019.46,2
167.92,41-60,Doctor,136,14321.73,0
73.01,41-60,Retired,101,2833.12,2
201.5,61-80,Doctor,196,12148.32,0
150.3,41-60,Doctor,204,14371.08,0
23.7,41-60,Doctor,32,7947.44,0
49.59,41-60,Engineer,147,6037.03,0
720.13,18-40,Student,96,387.02,1
134.92,18-40,Student,101,1081.97,1
116.97,18-40,Student,299,729.7,1
11.06,18-40,Engineer,13,2782.21,1
88.29,41-60,Engineer,287,5245.93,2
5.81,18-40,Student,222,1290.95,1
103.48,18-40,Engineer,33,6494.25,0
156.74,61-80,Retired,136,4004.35,2
505.14,61-80,Retired,179,2525.47,2
31.06,41-60,Doctor,61,11014.25,0
7.61,41-60,Doctor,163,6275.0,0
276.16,41-60,Retired,71,1733.34,2
145.77,61-80,Retired,237,5294.98,2
369.44,18-40,Engineer,19,5018.67,0
558.86,61-80,Doctor,95,9844.32,0
429.15,18-40,Student,218,712.13,1
36.74,18-40,Doctor,133,6217.58,0
79.14,41-60,Retired,22,2229.56,2
132.48,18-40,Engineer,101,9313.05,0
136.48,41-60,Engineer,138,4618.53,2
203.76,41-60,Retired,37,6747.16,2
750.95,61-80,Retired,27,5134.37,2
0.84,41-60,Engineer,31,2207.54,2
257.18,61-80,Doctor,28,13336.15,0
767.66,61-80,Doctor,155,1801.69,2
182.29,41-60,Doctor,123,522.39,2
184.51,41-60,Doctor,118,9381.64,0
451.31,61-80,Retired,166,2963.29,2
144.1,41-60,Doctor,30,11523.64,0
72.5,41-60,Doctor,30,12723.62,0
74.11,61-80,Retired,71,3920.11,2
22.15,41-60,Doctor,73,7451.83,0
777.92,61-80,Doctor,97,7061.58,2
790.07,18-40,Student,197,985.77,1
406.33,41-60,Engineer,103,4298.34,2
767.41,41-60,Doctor,27,12799.34,0
4.58,18-40,Student,135,811.24,1
447.83,41-60,Doctor,88,13273.08,0
49.67,18-40,Student,146,842.94,1
77.83,41-60,Engineer,146,2471.53,2
702.87,18-40,Student,184,1237.5,1
133.56,18-40,Student,177,783.83,1
868.05,41-60,Engineer,119,3931.03,2
52.87,18-40,Student,70,960.96,1
179.0,61-80,Retired,121,7310.88,2
1168.26,61-80,Retired,37,1385.74,2
384.11,41-60,Retired,12,7902.52,2
227.61,61-80,Retired,61,4405.28,2
40.83,41-60,Engineer,24,3944.12,2
19.76,18-40,Student,240,1523.04,1
484.24,61-80,Doctor,77,8042.3,0
494.66,18-40,Doctor,110,5531.93,0
301.47,18-40,Student,291,560.73,1
199.09,61-80,Doctor,89,1658.52,2
38.95,18-40,Engineer,50,731.52,1
515.94,18-40,Engineer,37,1389.89,1
41.93,41-60,Engineer,136,5081.26,2
137.84,18-40,Student,83,1000.35,1
95.35,18-40,Student,131,1639.9,1
93.14,61-80,Retired,151,5473.82,2
1427.71,61-80,Doctor,159,1729.26,2
79.33,41-60,Doctor,109,14798.1,0
76.89,41-60,Doctor,132,7374.26,0
233.71,18-40,Student,297,1231.98,1
14.92,18-40,Engineer,120,6611.26,0
242.17,61-80,Doctor,147,883.72,2
122.98,61-80,Retired,228,5055.99,2
129.35,41-60,Engineer,130,7166.88,0
138.33,18-40,Student,69,232.56,1
39.31,18-40,Student,178,1236.38,1
91.85,18-40,Student,148,802.09,1
277.7,41-60,Engineer,107,1423.2,2
114.03,41-60,Doctor,172,13388.56,0
302.63,18-40,Engineer,10,2801.28,1
31.19,41-60,Engineer,74,5545.96,2
112.91,18-40,Engineer,135,4764.48,0
742.26,18-40,Engineer,36,7868.19,0
256.8,18-40,Student,80,1128.38,1
378.68,61-80,Doctor,239,7627.04,0
571.93,41-60,Retired,119,4026.03,2
26.31,61-80,Retired,163,7095.76,2
205.58,18-40,Student,159,1501.95,1
533.61,41-60,Engineer,115,3656.93,2
428.62,41-60,Retired,72,3473.24,2
361.22,61-80,Retired,167,7061.73,2
837.29,18-40,Student,216,6012.67,1
117.25,18-40,Doctor,73,13694.68,0
135.27,41-60,Doctor,131,9410.51,0
185.1,41-60,Retired,23,6115.63,2
113.54,18-40,Engineer,273,5581.21,0
354.96,61-80,Doctor,96,6712.94,2
224.22,41-60,Doctor,37,8400.87,0
737.1,61-80,Retired,92,4644.19,2
223.22,18-40,Student,96,1734.22,1
557.26,61-80,Doctor,53,5237.12,2
1496.57,18-40,Engineer,95,969.06,1
27.44,61-80,Retired,164,5950.48,2
310.09,18-40,Doctor,166,9962.5,0
80.38,41-60,Doctor,116,9662.88,0
26.1,61-80,Doctor,115,5243.0,2
845.14,61-80,Retired,183,1702.65,2
59.73,18-40,Student,56,800.93,1
758.77,61-80,Engineer,114,7231.47,2
301.51,18-40,Student,284,1052.31,1
418.03,41-60,Doctor,161,10721.29,0
118.06,18-40,Doctor,31,13560.63,0
483.92,61-80,Retired,115,3138.0,2
78.93,18-40,Doctor,145,9916.24,0
36.63,61-80,Retired,261,7941.73,2
87.85,41-60,Engineer,63,3753.24,2
1001.83,18-40,Doctor,55,9733.83,0
705.34,41-60,Doctor,124,5003.22,0
146.55,41-60,Retired,124,4087.44,2
116.89,61-80,Retired,226,4880.31,2
106.41,41-60,Retired,87,1310.38,2
1087.9,61-80,Retired,103,2513.51,2
584.41,18-40,Student,41,4475.22,1
584.98,41-60,Retired,121,6521.05,2
79.21,41-60,Retired,140,1615.04,2
173.13,18-40,Student,288,1490.34,1
335.7,,Retired,57,6601.44,2
1225.5,41-60,Doctor,109,8611.17,0
422.81,18-40,Student,193,1929.28,1
135.43,41-60,Retired,92,5315.83,2
584.88,18-40,Student,121,548.45,1
308.94,18-40,Student,167,1931.66,1
295.93,18-40,Doctor,117,1050.63,0
1512.99,18-40,Student,50,9963.39,1
77.44,41-60,Retired,268,1950.63,2
92.5,41-60,Engineer,70,6295.45,0
97.74,41-60,Engineer,137,4113.63,2
291.68,18-40,Student,90,1451.02,1
56.96,18-40,Student,135,1597.85,1
436.8,18-40,Student,92,1256.33,1
259.49,61-80,Retired,292,7320.61,2
726.26,41-60,Retired,147,2150.38,2
568.68,61-80,Retired,101,2940.04,2
77.57,41-60,Doctor,225,12801.93,0
999.28,18-40,Engineer,40,4272.41,1
14.16,61-80,Retired,290,5399.76,2
1142.83,61-80,Retired,48,2467.39,2
61.33,18-40,Engineer,129,7537.4,0
27.64,41-60,Engineer,23,7498.51,0
3.85,18-40,Doctor,32,10506.41,0
431.22,61-80,Retired,129,6505.98,2
178.55,41-60,Engineer,67,7568.4,0
248.76,18-40,Student,56,546.46,1
76.16,18-40,Student,99,1072.25,1
347.25,61-80,Doctor,250,7273.55,0
28.04,41-60,Doctor,146,11197.54,0
325.98,18-40,Student,277,782.35,1
249.56,61-80,Retired,246,4444.95,2
17.43,41-60,Doctor,33,10658.88,0
198.01,18-40,Student,40,250.93,1
585.58,18-40,Student,55,1729.02,1
434.67,18-40,Student,124,1298.13,1
510.7,18-40,Student,294,5828.48,1
331.98,61-80,Retired,12,7600.99,2
199.54,41-60,Engineer,268,9603.73,0
212.97,41-60,Engineer,178,4180.4,2
270.56,18-40,Student,139,1268.44,1
306.37,18-40,Engineer,120,9609.67,0
643.02,18-40,Doctor,85,11989.39,0
98.48,41-60,Engineer,12,9538.92,0
889.01,18-40,Engineer,169,4826.88,0
537.86,18-40,Student,134,293.06,1
241.18,18-40,Student,162,1445.53,1
130.54,61-80,Doctor,94,11204.62,0
800.29,18-40,Student,84,693.4,1
8.81,41-60,Doctor,165,13523.65,0
28.52,18-40,Student,163,662.51,1
431.31,18-40,Student,99,342.73,1
885.33,41-60,Engineer,59,7764.16,0
199.23,18-40,Engineer,54,9834.0,0
42.26,41-60,Doctor,171,268.77,2
166.06,18-40,Engineer,172,5397.68,0
357.72,41-60,Retired,25,7659.5,2
588.37,18-40,Student,284,1926.08,1
72.82,61-80,Doctor,127,6911.62,0
162.36,18-40,Engineer,147,7527.04,0
584.82,41-60,Doctor,109,12071.1,0
38.15,61-80,Retired,129,1425.47,2
477.54,18-40,Student,52,1598.63,1
639.57,61-80,Doctor,43,11726.47,0
58.23,18-40,Student,34,9189.76,1
776.21,61-80,Retired,99,4895.87,2
248.76,18-40,Student,117,6178.77,1
188.61,61-80,Retired,26,7167.57,2
675.37,41-60,Retired,31,4704.91,2
94.82,61-80,Retired,56,1267.72,2
425.18,41-60,Engineer,135,5790.55,2
50.28,61-80,Engineer,65,5729.1,2
864.72,18-40,Engineer,58,7379.38,0
70.68,18-40,Student,105,1478.41,1
261.77,18-40,Student,46,824.71,1
183.22,18-40,Student,63,1024.42,1
58.32,18-40,Engineer,275,6027.49,0
156.86,41-60,Doctor,102,14453.35,0
120.67,41-60,Doctor,233,5374.54,0
308.62,41-60,Engineer,101,9148.08,0
506.81,41-60,Engineer,41,2757.23,2
328.39,41-60,Engineer,108,2523.83,2
796.3,61-80,Retired,64,1498.79,2
72.47,18-40,Doctor,72,1305.56,0
279.6,18-40,Student,131,1910.9,1
304.2,18-40,Student,102,423.64,1
351.38,61-80,Retired,21,7606.63,2
86.07,18-40,Doctor,23,842.56,0
604.5,18-40,Student,80,709.42,1
258.7,18-40,Student,123,1358.37,1
994.63,61-80,Doctor,158,13538.14,0
11.46,61-80,Retired,64,7258.33,2
63.76,61-80,Retired,100,4980.26,2
446.83,41-60,Retired,143,1623.5,2
63.54,18-40,Engineer,136,4401.78,0
81.11,41-60,Engineer,110,2051.37,2
441.26,41-60,Doctor,87,13704.92,0
170.96,61-80,Doctor,69,13374.89,0
48.51,18-40,Student,69,3363.23,1
325.03,61-80,Doctor,106,13521.76,0
125.83,41-60,Retired,138,6109.86,2
506.83,18-40,Engineer,45,9975.79,0
738.94,41-60,Doctor,173,13856.18,0
180.36,18-40,Engineer,55,9905.23,0
225.1,18-40,Student,35,1547.71,1
359.51,61-80,Retired,157,7153.72,2
720.46,41-60,Retired,44,3101.54,2
1116.57,41-60,Retired,104,1393.14,2
291.46,41-60,Retired,135,7142.53,2
1192.95,18-40,Student,73,325.15,1
98.24,18-40,Student,148,580.66,1
100.48,18-40,Student,104,6149.81,1
45.9,41-60,Engineer,264,5698.25,0
258.21,18-40,Doctor,225,9562.41,0
1079.11,41-60,Engineer,211,2038.31,2
287.51,18-40,Student,255,187.65,1
501.3,18-40,Engineer,146,8520.08,0
26.1,18-40,Student,32,1435.72,1
436.77,18-40,Student,176,825.69,1
292.38,61-80,Doctor,224,5803.89,2
1026.46,41-60,Retired,165,3134.47,2
25.29,41-60,Engineer,125,5374.69,2
123.35,18-40,Doctor,10,6852.16,0
139.52,18-40,Student,31,1570.22,1
51.2,18-40,Student,83,730.6,1
122.85,41-60,Doctor,127,13185.39,0
161.38,18-40,Student,101,3900.34,1
2.51,61-80,Retired,32,4891.56,2
22.62,61-80,Doctor,102,7682.0,0
126.83,41-60,Retired,39,6100.98,2
46.6,41-60,Doctor,68,1562.9,2
243.8,41-60,Doctor,48,13732.81,0
231.51,61-80,Retired,96,5790.7,2
175.05,18-40,Engineer,34,1447.35,1
762.74,61-80,Doctor,244,207.1,2
34.03,41-60,Engineer,38,3077.2,2
15.95,18-40,Student,52,1983.0,1
926.53,41-60,Engineer,107,3120.1,2
101.51,41-60,Engineer,199,3052.47,2
309.42,18-40,Engineer,42,8564.46,0
257.6,41-60,Retired,293,7950.74,2
746.78,18-40,Student,64,1699.81,1
82.01,18-40,Student,156,287.46,1
476.99,18-40,Student,187,1154.48,1
320.11,18-40,Student,130,4076.48,1
333.39,61-80,Doctor,35,10628.59,0
10.3,41-60,Engineer,197,7801.32,0
737.46,41-60,Doctor,75,634.16,2
416.55,18-40,Engineer,73,922.96,1
84.91,18-40,Student,68,1671.86,1
98.95,61-80,Retired,73,5670.82,2
18.14,41-60,Retired,48,6020.85,2
1154.79,41-60,Doctor,108,6180.3,0
215.13,41-60,Engineer,114,3956.69,2
218.57,61-80,Doctor,102,13869.86,0
341.88,41-60,Engineer,89,4159.52,2
691.92,18-40,Student,61,1084.65,1
50.43,18-40,Doctor,51,9794.26,0
440.43,61-80,Retired,23,5123.24,2
299.03,18-40,Engineer,52,1381.28,1
1.98,61-80,Doctor,170,11619.1,0
173.45,18-40,Engineer,161,9077.62,0
438.76,18-40,Student,73,1824.19,1
519.62,61-80,Retired,40,4159.33,2
738.68,41-60,Doctor,124,14352.33,0
151.14,61-80,Retired,38,2156.54,2
75.77,41-60,Engineer,148,8361.7,0
444.52,18-40,Engineer,17,5424.6,0
5.29,41-60,Doctor,276,11263.89,0
97.63,41-60,Doctor,127,12467.31,0
256.95,18-40,Engineer,71,2531.24,1
734.86,41-60,Engineer,290,6242.03,0
1250.94,18-40,Doctor,107,11565.97,0
84.28,18-40,Doctor,142,13586.06,0
927.45,18-40,Student,95,1161.84,1
202.49,41-60,Engineer,69,7447.1,0
154.99,18-40,Student,53,1419.31,1
481.53,41-60,Retired,277,6142.54,2
172.92,18-40,Student,212,416.37,1
275.59,41-60,Retired,238,6313.22,2
207.2,61-80,Engineer,133,8092.94,2
136.82,18-40,Engineer,14,6229.13,0
624.0,18-40,Engineer,132,4976.18,0
179.38,18-40,Engineer,28,8741.51,0
10.15,41-60,Doctor,58,7155.04,0
26.3,18-40,Doctor,33,7473.73,0
319.5,18-40,Engineer,69,2366.3,1
182.42,41-60,Retired,137,3051.29,2
716.62,41-60,Doctor,241,6987.4,0
222.96,61-80,Doctor,150,7370.41,0
79.77,61-80,Retired,167,5010.31,2
431.08,41-60,Retired,25,6760.22,2
592.24,41-60,Doctor,140,9817.05,0
200.19,41-60,Retired,108,4389.96,2
297.5,61-80,Retired,80,6768.14,2
345.86,41-60,Retired,145,1504.64,2
343.88,61-80,Retired,97,6486.18,2
16.52,18-40,Student,135,835.53,1
162.1,41-60,Engineer,151,8576.65,0
36.12,18-40,Student,234,1593.03,1
354.91,61-80,Retired,191,3872.55,2
38.41,41-60,Doctor,117,9129.68,0
53.52,41-60,Engineer,55,2227.49,2
498.59,41-60,Retired,138,2619.46,2
13.3,18-40,Student,63,213.0,1
189.65,18-40,Student,60,8457.09,1
255.32,,Retired,27,6290.62,2
230.51,41-60,Engineer,56,9522.37,0
237.74,61-80,Doctor,152,11795.12,0
512.76,41-60,Doctor,26,5121.36,0
151.37,41-60,Engineer,53,8356.08,0
85.01,18-40,Student,157,1299.4,1
444.47,41-60,Retired,61,6062.94,2
184.19,61-80,Retired,58,7588.67,2
879.25,18-40,Student,137,125.85,1
55.98,18-40,Student,87,7047.04,1
54.91,41-60,Engineer,275,7927.27,0
1047.69,18-40,Student,139,1889.78,1
393.74,18-40,Student,90,1769.06,1
58.94,18-40,Engineer,26,4575.98,0
515.57,18-40,Engineer,56,9269.67,0
332.15,41-60,Doctor,105,9749.46,0
177.94,18-40,Student,173,123.24,1
68.68,41-60,Engineer,141,4718.51,2
1431.54,18-40,Student,84,1171.98,1
240.03,18-40,Engineer,31,7807.73,0
168.34,61-80,Retired,240,7483.01,2
474.77,41-60,Engineer,284,8494.53,0
451.7,18-40,Engineer,103,8994.67,0
243.85,18-40,Engineer,43,4576.78,0
5.76,18-40,Engineer,164,5859.79,0
435.08,41-60,Engineer,78,2103.41,2
127.78,18-40,Student,170,1046.66,1
23.14,41-60,Doctor,93,10536.54,0
545.87,18-40,Engineer,41,4860.01,0
21.21,41-60,Engineer,37,9575.42,0
423.53,41-60,Doctor,81,5453.4,0
142.1,18-40,Student,109,1545.64,1
1413.24,41-60,Engineer,199,7272.01,0
114.15,18-40,Student,52,1612.4,1
275.98,61-80,Retired,67,6151.05,2
590.68,18-40,Student,23,852.2,1
152.42,41-60,Doctor,176,9141.79,0
395.77,41-60,Doctor,118,6425.99,0
615.16,18-40,Student,140,214.61,1
207.82,18-40,Student,30,229.02,1
220.52,41-60,Retired,152,1793.09,2
281.47,18-40,Engineer,142,4437.48,0
57.91,41-60,Engineer,97,3641.06,2
30.48,18-40,Doctor,78,11481.85,0
1152.58,61-80,Retired,180,7567.17,2
453.09,41-60,Doctor,97,6708.65,0
424.47,18-40,Student,116,5491.55,1
228.4,61-80,Doctor,116,9598.43,0
67.17,61-80,Doctor,48,14410.44,0
284.89,41-60,Doctor,115,9738.6,0
118.69,18-40,Doctor,296,749.34,0
221.33,18-40,Student,276,1185.43,1
252.31,18-40,Student,172,1584.6,1
58.85,61-80,Retired,115,1789.8,2
194.68,18-40,Doctor,165,14494.18,0
433.53,18-40,Doctor,231,6368.32,0
178.26,41-60,Retired,59,1137.13,2
207.65,18-40,Engineer,98,5143.8,0
237.0,41-60,Doctor,115,14021.4,0
1169.59,18-40,Student,114,5946.45,1
347.63,18-40,Student,272,1400.04,1
517.68,18-40,Doctor,24,11305.81,0
36.25,41-60,Doctor,76,193.06,2
46.53,41-60,Engineer,34,4468.12,2
207.47,41-60,Doctor,12,1688.9,2
199.7,41-60,Engineer,285,7574.45,0
307.89,61-80,Retired,90,2637.55,2
403.63,18-40,Engineer,167,3304.02,1
20.06,18-40,Student,144,445.21,1
236.57,61-80,Retired,112,3488.77,2
0.32,18-40,Engineer,136,7158.58,0
14.28,18-40,Student,81,1597.51,1
232.35,18-40,Engineer,153,4186.25,0
317.53,41-60,Engineer,104,6237.68,0
74.67,41-60,Engineer,283,3449.35,2
65.01,18-40,Doctor,67,10235.19,0
0.45,18-40,Engineer,172,8670.23,0
364.13,61-80,Doctor,61,8198.0,0
340.13,18-40,Student,32,1149.74,1
15.81,61-80,Doctor,11,8384.85,0
222.66,18-40,Doctor,88,14466.38,0
638.24,41-60,Engineer,64,5695.78,2
241.21,18-40,Engineer,108,1220.86,1
171.16,41-60,Retired,42,6126.5,2
1360.67,18-40,Engineer,118,2861.65,1
37.65,18-40,Student,109,411.78,1
25.77,61-80,Retired,18,4331.54,2
789.8,41-60,Doctor,94,13948.09,0
308.85,18-40,Student,33,333.19,1
1454.52,18-40,Student,20,1189.03,1
806.97,18-40,Student,11,102.2,1
364.81,18-40,Student,53,1145.23,1
490.82,18-40,Engineer,114,8704.27,0
1021.38,61-80,Doctor,125,6223.26,2
311.28,41-60,Doctor,198,135.96,2
85.03,41-60,Retired,48,4597.57,2
307.75,61-80,Doctor,63,1061.58,2
333.67,18-40,Engineer,68,9238.08,0
589.89,41-60,Engineer,213,9404.63,0
372.08,61-80,Doctor,63,13330.74,0
502.9,18-40,Student,141,341.24,1
103.81,18-40,Doctor,34,7044.63,0
69.43,18-40,Engineer,162,9281.85,0
110.4,41-60,Doctor,62,8639.36,0
275.65,18-40,Engineer,14,4957.57,0
336.01,61-80,Doctor,121,9938.2,0
251.8,61-80,Doctor,102,11796.66,0
334.07,41-60,Engineer,200,7306.79,0
52.44,18-40,Student,87,3157.75,1
1030.85,18-40,Student,39,1941.8,1
141.37,41-60,Engineer,77,1019.77,2
211.7,41-60,Doctor,205,12272.78,0
61.4,41-60,Engineer,20,7892.87,0
308.23,61-80,Retired,23,4150.63,2
111.41,18-40,Student,181,1204.11,1
675.49,61-80,Retired,159,1893.0,2
29.72,18-40,Student,38,1059.62,1
301.73,61-80,Doctor,163,990.74,2
294.61,61-80,Retired,74,7375.59,2
106.43,41-60,Engineer,164,9403.12,0
381.52,18-40,Doctor,79,5798.92,0
1142.76,18-40,Student,71,1498.93,1
5.66,41-60,Engineer,33,5434.64,2
209.09,41-60,Doctor,203,9100.81,0
521.81,41-60,Engineer,34,4750.96,2
588.36,18-40,Engineer,134,8434.99,0
146.67,18-40,Student,273,1569.75,1
176.52,61-80,Retired,94,7132.08,2
57.34,18-40,Student,81,1100.64,1
294.77,61-80,Retired,101,2272.17,2
881.32,18-40,Engineer,59,2287.93,1
162.59,61-80,Retired,19,7104.83,2
56.15,18-40,Doctor,77,13265.92,0
524.55,18-40,Doctor,175,8292.75,0
535.4,18-40,Student,110,651.84,1
56.84,41-60,Engineer,185,7977.78,0
135.94,61-80,Retired,258,4710.21,2
47.1,41-60,Doctor,178,6308.07,0
124.05,61-80,Doctor,220,7009.54,0
802.89,18-40,Student,175,1973.63,1
193.16,61-80,Retired,109,2304.56,2
541.52,41-60,Engineer,161,6087.24,0
20.17,61-80,Retired,86,3869.37,2
35.98,41-60,Doctor,133,11147.34,0
273.24,41-60,Retired,173,2202.21,2
663.45,61-80,Retired,147,5897.29,2
343.86,41-60,Engineer,70,3278.65,2
69.38,61-80,Doctor,280,12072.11,0
75.43,61-80,Retired,266,1441.86,2
414.64,18-40,Doctor,74,7253.22,0
86.79,18-40,Doctor,166,8795.37,0
1105.88,18-40,Engineer,36,2636.32,1
14.1,41-60,Engineer,73,6949.21,0
63.33,18-40,Student,124,792.33,1
606.27,18-40,Doctor,42,9668.78,0
4.47,18-40,Student,132,1381.75,1
289.01,61-80,Retired,96,4226.26,2
338.69,18-40,Student,169,1137.89,1
97.73,61-80,Doctor,156,7885.21,0
1021.16,18-40,Student,104,9427.06,1
27.61,41-60,Retired,26,3679.64,2
284.17,41-60,Retired,189,3479.56,2
76.21,18-40,Student,69,664.93,1
334.79,61-80,Doctor,292,624.09,2
584.51,61-80,Retired,76,3254.56,2
432.18,18-40,Student,162,678.83,1
134.55,41-60,Doctor,165,14852.42,0
61.66,18-40,Student,86,5705.4,1
12.35,18-40,Student,22,1846.85,1
213.25,18-40,Student,63,677.79,1
34.93,18-40,Engineer,72,2810.37,1
959.48,61-80,Doctor,36,10631.43,0
335.68,18-40,Student,142,1188.95,1
423.96,41-60,Doctor,75,8374.38,0
361.38,61-80,Retired,71,4972.92,2
220.82,41-60,Engineer,31,4298.13,2
717.36,18-40,Student,138,514.88,1
406.12,41-60,Doctor,106,10501.53,0
427.83,41-60,Engineer,29,3293.06,2
416.62,18-40,Student,67,9700.9,1
21.9,18-40,Student,30,1052.27,1
717.74,41-60,Engineer,168,8375.16,0
393.68,41-60,Doctor,141,10135.88,0
281.91,18-40,Student,269,225.53,1
239.85,61-80,Retired,50,1477.63,2
237.84,18-40,Student,16,8932.39,1
459.29,61-80,Retired,109,1006.12,2
196.49,41-60,Engineer,65,7516.56,0
21.23,18-40,Student,103,319.18,1
95.23,18-40,Student,60,966.88,1
344.87,41-60,Retired,25,7447.44,2
129.62,18-40,Student,124,620.28,1
16.53,18-40,Student,220,707.95,1
277.02,41-60,Doctor,227,8586.38,0
13.02,41-60,Doctor,42,6076.45,0
199.02,18-40,Student,185,793.63,1
684.5,18-40,Doctor,76,6258.63,0
1173.74,61-80,Doctor,61,10456.24,0
45.92,18-40,Student,23,544.56,1
761.73,18-40,Student,27,151.28,1
331.38,41-60,Engineer,122,844.55,2
602.8,61-80,Retired,173,7417.69,2
64.12,41-60,Doctor,222,1029.09,2
57.38,18-40,Student,86,899.52,1
94.64,18-40,Student,144,586.76,1
155.56,18-40,Student,64,129.79,1
301.39,41-60,Doctor,104,10548.58,0
136.31,61-80,Retired,65,4384.95,2
4.39,18-40,Student,63,1429.61,1
429.25,18-40,Engineer,107,5019.68,0
138.54,61-80,Engineer,93,8274.77,2
33.03,18-40,Student,28,935.88,1
76.39,18-40,Doctor,80,11584.32,0
25.32,18-40,Student,25,1642.34,1
330.91,18-40,Engineer,28,6481.35,0
153.55,18-40,Doctor,16,5619.91,0
217.61,18-40,Student,120,1661.1,1
131.69,41-60,Engineer,59,2958.43,2
953.17,61-80,Retired,84,3506.11,2
68.49,61-80,Retired,49,6683.31,2
1493.0,61-80,Retired,151,1619.16,2
470.62,41-60,Doctor,127,12470.62,0
385.35,18-40,Doctor,269,5184.13,0
74.72,18-40,Student,132,165.75,1
352.03,18-40,Student,219,4846.68,1
275.87,18-40,Student,112,1697.58,1
90.94,61-80,Retired,56,3896.08,2
206.25,61-80,Retired,56,3651.07,2
116.76,41-60,Engineer,212,4480.43,2
91.5,41-60,Doctor,77,667.66,2
489.31,41-60,Engineer,36,5595.22,2
1664.33,18-40,Student,65,1588.31,1
414.49,41-60,Doctor,108,12709.58,0
315.13,18-40,Engineer,143,6570.94,0
28.38,41-60,Doctor,260,8892.62,0
456.05,61-80,Doctor,20,11729.51,0
277.22,18-40,Doctor,41,12104.51,0
54.84,41-60,Retired,124,3495.51,2
29.92,61-80,Doctor,63,7855.01,0
133.06,18-40,Engineer,143,8843.44,0
332.06,18-40,Doctor,221,11826.52,0
14.34,61-80,Retired,24,7932.51,2
468.32,61-80,Retired,152,4710.04,2
582.17,41-60,Engineer,135,7310.83,0
245.62,18-40,Student,127,1879.82,1
981.9,41-60,Doctor,112,9018.33,0
83.6,41-60,Doctor,192,13899.24,0
331.22,61-80,Doctor,161,12613.25,0
57.49,18-40,Student,177,765.15,1
85.58,41-60,Engineer,60,7794.84,0
157.56,41-60,Doctor,159,7541.16,0
230.3,41-60,Engineer,24,8356.88,0
305.92,61-80,Retired,88,1445.47,2
942.7,18-40,Engineer,29,5141.32,0
116.33,18-40,Student,144,1696.15,1
537.71,18-40,Student,175,1806.08,1
538.17,18-40,Engineer,252,5908.04,0
219.44,41-60,Engineer,23,4207.27,2
61.62,41-60,Doctor,19,8365.37,0
58.77,18-40,Engineer,191,7261.7,0
538.13,61-80,Retired,165,5008.59,2
177.05,18-40,Student,235,4287.82,1
403.01,61-80,Doctor,286,10513.52,0
719.76,18-40,Student,190,690.52,1
163.22,18-40,Student,217,1788.27,1
242.85,41-60,Engineer,93,4672.8,2
291.22,41-60,Engineer,100,3677.63,2
56.52,41-60,Engineer,152,6911.2,0
195.8,18-40,Doctor,186,12027.68,0
66.76,18-40,Doctor,44,184.72,1
190.9,18-40,Student,40,101.25,1
106.99,18-40,Engineer,152,5771.4,0
655.81,41-60,Retired,164,4539.99,2
107.1,18-40,Student,175,193.8,1
79.92,41-60,Engineer,274,9138.76,0
430.83,18-40,Student,292,941.49,1
235.34,18-40,Student,68,566.83,1
86.35,41-60,Retired,24,1550.48,2
337.99,61-80,Doctor,115,9038.63,0
577.13,41-60,Engineer,66,6640.51,0
213.33,41-60,Retired,161,5400.44,2
54.52,18-40,Doctor,164,6980.98,0
100.13,41-60,Doctor,168,5209.16,0
883.92,41-60,Retired,129,2342.64,2
69.8,18-40,Student,138,136.77,1
768.94,61-80,Retired,53,6860.18,2
179.62,18-40,Student,119,409.26,1
425.91,18-40,Student,47,383.58,1
263.34,61-80,Retired,55,2411.02,2
113.03,18-40,Doctor,12,6756.13,0
11.02,41-60,Doctor,42,7879.66,0
865.17,18-40,Student,161,9297.5,1
152.0,41-60,Engineer,63,7531.43,0
270.39,18-40,Student,104,899.15,1
246.41,41-60,Retired,23,1431.6,2
336.84,18-40,Student,100,4500.26,1
261.45,41-60,Engineer,96,6735.74,0
99.98,61-80,Retired,152,3037.97,2
400.69,18-40,Engineer,26,9040.33,0
411.47,18-40,Student,120,796.63,1
204.63,41-60,Engineer,92,9199.52,0
421.56,41-60,Engineer,144,8037.87,0
193.38,18-40,Student,285,1081.79,1
377.04,18-40,Engineer,64,3812.87,1
54.1,18-40,Engineer,17,940.91,1
18.1,41-60,Retired,66,6474.34,2
408.62,41-60,Engineer,159,2498.48,2
162.1,61-80,Doctor,221,9578.74,0
165.31,41-60,Doctor,28,7346.66,0
267.48,18-40,Student,159,811.86,1
856.9,18-40,Engineer,150,8579.69,0
433.9,61-80,Doctor,37,9013.1,0
271.22,41-60,Doctor,87,6863.02,0
307.68,61-80,Retired,162,2052.84,2
348.17,18-40,Student,181,1887.84,1
43.1,18-40,Student,102,6944.9,1
557.78,18-40,Student,102,1289.48,1
325.6,61-80,Doctor,88,13777.1,0
235.83,41-60,Engineer,169,4120.75,2
603.54,41-60,Doctor,26,10517.47,0
270.25,18-40,Engineer,42,5414.97,0
123.38,41-60,Doctor,40,13542.41,0
577.12,18-40,Engineer,69,5265.88,0
92.24,61-80,Engineer,93,6937.48,2
856.21,18-40,Doctor,109,12690.79,0
251.54,41-60,Doctor,177,254.75,2
28.63,41-60,Retired,146,3382.91,2
185.97,18-40,Student,19,1776.91,1
243.08,18-40,Student,93,131.25,1
